[{"model": "auth.permission", "pk": 1, "fields": {"name": "Can add log entry", "content_type": 1, "codename": "add_logentry"}}, {"model": "auth.permission", "pk": 2, "fields": {"name": "Can change log entry", "content_type": 1, "codename": "change_logentry"}}, {"model": "auth.permission", "pk": 3, "fields": {"name": "Can delete log entry", "content_type": 1, "codename": "delete_logentry"}}, {"model": "auth.permission", "pk": 4, "fields": {"name": "Can view log entry", "content_type": 1, "codename": "view_logentry"}}, {"model": "auth.permission", "pk": 5, "fields": {"name": "Can add permission", "content_type": 2, "codename": "add_permission"}}, {"model": "auth.permission", "pk": 6, "fields": {"name": "Can change permission", "content_type": 2, "codename": "change_permission"}}, {"model": "auth.permission", "pk": 7, "fields": {"name": "Can delete permission", "content_type": 2, "codename": "delete_permission"}}, {"model": "auth.permission", "pk": 8, "fields": {"name": "Can view permission", "content_type": 2, "codename": "view_permission"}}, {"model": "auth.permission", "pk": 9, "fields": {"name": "Can add group", "content_type": 3, "codename": "add_group"}}, {"model": "auth.permission", "pk": 10, "fields": {"name": "Can change group", "content_type": 3, "codename": "change_group"}}, {"model": "auth.permission", "pk": 11, "fields": {"name": "Can delete group", "content_type": 3, "codename": "delete_group"}}, {"model": "auth.permission", "pk": 12, "fields": {"name": "Can view group", "content_type": 3, "codename": "view_group"}}, {"model": "auth.permission", "pk": 13, "fields": {"name": "Can add user", "content_type": 4, "codename": "add_user"}}, {"model": "auth.permission", "pk": 14, "fields": {"name": "Can change user", "content_type": 4, "codename": "change_user"}}, {"model": "auth.permission", "pk": 15, "fields": {"name": "Can delete user", "content_type": 4, "codename": "delete_user"}}, {"model": "auth.permission", "pk": 16, "fields": {"name": "Can view user", "content_type": 4, "codename": "view_user"}}, {"model": "auth.permission", "pk": 17, "fields": {"name": "Can add content type", "content_type": 5, "codename": "add_contenttype"}}, {"model": "auth.permission", "pk": 18, "fields": {"name": "Can change content type", "content_type": 5, "codename": "change_contenttype"}}, {"model": "auth.permission", "pk": 19, "fields": {"name": "Can delete content type", "content_type": 5, "codename": "delete_contenttype"}}, {"model": "auth.permission", "pk": 20, "fields": {"name": "Can view content type", "content_type": 5, "codename": "view_contenttype"}}, {"model": "auth.permission", "pk": 21, "fields": {"name": "Can add session", "content_type": 6, "codename": "add_session"}}, {"model": "auth.permission", "pk": 22, "fields": {"name": "Can change session", "content_type": 6, "codename": "change_session"}}, {"model": "auth.permission", "pk": 23, "fields": {"name": "Can delete session", "content_type": 6, "codename": "delete_session"}}, {"model": "auth.permission", "pk": 24, "fields": {"name": "Can view session", "content_type": 6, "codename": "view_session"}}, {"model": "auth.permission", "pk": 25, "fields": {"name": "Can add magazine", "content_type": 7, "codename": "add_magazine"}}, {"model": "auth.permission", "pk": 26, "fields": {"name": "Can change magazine", "content_type": 7, "codename": "change_magazine"}}, {"model": "auth.permission", "pk": 27, "fields": {"name": "Can delete magazine", "content_type": 7, "codename": "delete_magazine"}}, {"model": "auth.permission", "pk": 28, "fields": {"name": "Can view magazine", "content_type": 7, "codename": "view_magazine"}}, {"model": "auth.permission", "pk": 29, "fields": {"name": "Can add paper", "content_type": 8, "codename": "add_paper"}}, {"model": "auth.permission", "pk": 30, "fields": {"name": "Can change paper", "content_type": 8, "codename": "change_paper"}}, {"model": "auth.permission", "pk": 31, "fields": {"name": "Can delete paper", "content_type": 8, "codename": "delete_paper"}}, {"model": "auth.permission", "pk": 32, "fields": {"name": "Can view paper", "content_type": 8, "codename": "view_paper"}}, {"model": "auth.permission", "pk": 33, "fields": {"name": "Can add person", "content_type": 9, "codename": "add_person"}}, {"model": "auth.permission", "pk": 34, "fields": {"name": "Can change person", "content_type": 9, "codename": "change_person"}}, {"model": "auth.permission", "pk": 35, "fields": {"name": "Can delete person", "content_type": 9, "codename": "delete_person"}}, {"model": "auth.permission", "pk": 36, "fields": {"name": "Can view person", "content_type": 9, "codename": "view_person"}}, {"model": "auth.permission", "pk": 37, "fields": {"name": "Can add reporter", "content_type": 10, "codename": "add_reporter"}}, {"model": "auth.permission", "pk": 38, "fields": {"name": "Can change reporter", "content_type": 10, "codename": "change_reporter"}}, {"model": "auth.permission", "pk": 39, "fields": {"name": "Can delete reporter", "content_type": 10, "codename": "delete_reporter"}}, {"model": "auth.permission", "pk": 40, "fields": {"name": "Can view reporter", "content_type": 10, "codename": "view_reporter"}}, {"model": "auth.permission", "pk": 41, "fields": {"name": "Can add passport", "content_type": 11, "codename": "add_passport"}}, {"model": "auth.permission", "pk": 42, "fields": {"name": "Can change passport", "content_type": 11, "codename": "change_passport"}}, {"model": "auth.permission", "pk": 43, "fields": {"name": "Can delete passport", "content_type": 11, "codename": "delete_passport"}}, {"model": "auth.permission", "pk": 44, "fields": {"name": "Can view passport", "content_type": 11, "codename": "view_passport"}}, {"model": "auth.permission", "pk": 45, "fields": {"name": "Can add publication", "content_type": 12, "codename": "add_publication"}}, {"model": "auth.permission", "pk": 46, "fields": {"name": "Can change publication", "content_type": 12, "codename": "change_publication"}}, {"model": "auth.permission", "pk": 47, "fields": {"name": "Can delete publication", "content_type": 12, "codename": "delete_publication"}}, {"model": "auth.permission", "pk": 48, "fields": {"name": "Can view publication", "content_type": 12, "codename": "view_publication"}}, {"model": "auth.permission", "pk": 49, "fields": {"name": "Can add exemplo", "content_type": 13, "codename": "add_exemplo"}}, {"model": "auth.permission", "pk": 50, "fields": {"name": "Can change exemplo", "content_type": 13, "codename": "change_exemplo"}}, {"model": "auth.permission", "pk": 51, "fields": {"name": "Can delete exemplo", "content_type": 13, "codename": "delete_exemplo"}}, {"model": "auth.permission", "pk": 52, "fields": {"name": "Can view exemplo", "content_type": 13, "codename": "view_exemplo"}}, {"model": "auth.permission", "pk": 53, "fields": {"name": "can generate new codes", "content_type": 13, "codename": "generate_code_exemplo"}}, {"model": "auth.permission", "pk": 54, "fields": {"name": "Can add article", "content_type": 14, "codename": "add_article"}}, {"model": "auth.permission", "pk": 55, "fields": {"name": "Can change article", "content_type": 14, "codename": "change_article"}}, {"model": "auth.permission", "pk": 56, "fields": {"name": "Can delete article", "content_type": 14, "codename": "delete_article"}}, {"model": "auth.permission", "pk": 57, "fields": {"name": "Can view article", "content_type": 14, "codename": "view_article"}}, {"model": "auth.permission", "pk": 58, "fields": {"name": "Can add Teste", "content_type": 15, "codename": "add_teste"}}, {"model": "auth.permission", "pk": 59, "fields": {"name": "Can change Teste", "content_type": 15, "codename": "change_teste"}}, {"model": "auth.permission", "pk": 60, "fields": {"name": "Can delete Teste", "content_type": 15, "codename": "delete_teste"}}, {"model": "auth.permission", "pk": 61, "fields": {"name": "Can view Teste", "content_type": 15, "codename": "view_teste"}}, {"model": "auth.user", "pk": 1, "fields": {"password": "pbkdf2_sha256$720000$WMvNoPMsEi8WDSC8Ab8Lts$1Qq53bTijkoiXVj8Y95PdwyF3CZvzWZHg1mCWk0kbdk=", "last_login": "2025-12-15T14:29:00.925Z", "is_superuser": true, "username": "root", "first_name": "", "last_name": "", "email": "", "is_staff": true, "is_active": true, "date_joined": "2025-12-15T14:28:12.343Z", "groups": [], "user_permissions": []}}, {"model": "contenttypes.contenttype", "pk": 1, "fields": {"app_label": "admin", "model": "logentry"}}, {"model": "contenttypes.contenttype", "pk": 2, "fields": {"app_label": "auth", "model": "permission"}}, {"model": "contenttypes.contenttype", "pk": 3, "fields": {"app_label": "auth", "model": "group"}}, {"model": "contenttypes.contenttype", "pk": 4, "fields": {"app_label": "auth", "model": "user"}}, {"model": "contenttypes.contenttype", "pk": 5, "fields": {"app_label": "contenttypes", "model": "contenttype"}}, {"model": "contenttypes.contenttype", "pk": 6, "fields": {"app_label": "sessions", "model": "session"}}, {"model": "contenttypes.contenttype", "pk": 7, "fields": {"app_label": "aula", "model": "magazine"}}, {"model": "contenttypes.contenttype", "pk": 8, "fields": {"app_label": "aula", "model": "paper"}}, {"model": "contenttypes.contenttype", "pk": 9, "fields": {"app_label": "aula", "model": "person"}}, {"model": "contenttypes.contenttype", "pk": 10, "fields": {"app_label": "aula", "model": "reporter"}}, {"model": "contenttypes.contenttype", "pk": 11, "fields": {"app_label": "aula", "model": "passport"}}, {"model": "contenttypes.contenttype", "pk": 12, "fields": {"app_label": "aula", "model": "publication"}}, {"model": "contenttypes.contenttype", "pk": 13, "fields": {"app_label": "aula", "model": "exemplo"}}, {"model": "contenttypes.contenttype", "pk": 14, "fields": {"app_label": "aula", "model": "article"}}, {"model": "contenttypes.contenttype", "pk": 15, "fields": {"app_label": "aula", "model": "teste"}}, {"model": "sessions.session", "pk": "502uoxuqb1p9xukrf2z4g55aobys5ch5", "fields": {"session_data": ".eJxVjEEOwiAQRe_C2pABykBduvcMBGaoVA0kpV0Z765NutDtf-_9lwhxW0vYel7CzOIslDj9binSI9cd8D3WW5PU6rrMSe6KPGiX18b5eTncv4MSe_nWZIyFhIYyaTYAySIDWTDa00CoLKpJj5it9zzxEEF5Z1kDj945RBLvD8xONw4:1vV9ZM:4FOSdV7sw_p6hltGRJo3SE-Sz_LVryj1rBpWvcLHfiM", "expire_date": "2025-12-29T14:29:00.928Z"}}, {"model": "aula.person", "pk": 1, "fields": {"name": "Diego das Souza Silva", "birthdate": "2004-01-07", "cpf": "11530005981"}}, {"model": "aula.person", "pk": 2, "fields": {"name": "Felipe de Nunes Araújo", "birthdate": "1961-10-18", "cpf": "08731871992"}}, {"model": "aula.person", "pk": 3, "fields": {"name": "Ricardo Oliveira Rocha", "birthdate": "1989-03-06", "cpf": "14754337867"}}, {"model": "aula.person", "pk": 4, "fields": {"name": "Rafael do Silva Rocha", "birthdate": "1996-12-17", "cpf": "76201972145"}}, {"model": "aula.person", "pk": 5, "fields": {"name": "José do Carvalho Pereira", "birthdate": "1957-10-20", "cpf": "82470640229"}}, {"model": "aula.person", "pk": 6, "fields": {"name": "Mariana Pereira Almeida", "birthdate": "1997-04-22", "cpf": "09657597765"}}, {"model": "aula.person", "pk": 7, "fields": {"name": "Bruna Barbosa Nunes", "birthdate": "1978-03-25", "cpf": "74412661814"}}, {"model": "aula.person", "pk": 8, "fields": {"name": "Daniela Barbosa Ribeiro", "birthdate": "1964-08-07", "cpf": "35129425715"}}, {"model": "aula.person", "pk": 9, "fields": {"name": "Vitor Oliveira Oliveira", "birthdate": "2003-07-22", "cpf": "03815471915"}}, {"model": "aula.person", "pk": 10, "fields": {"name": "Luana Oliveira Teixeira", "birthdate": "1994-10-25", "cpf": "63783538670"}}, {"model": "aula.person", "pk": 11, "fields": {"name": "Isabela do Moreira Carvalho", "birthdate": "1972-09-28", "cpf": "78752209202"}}, {"model": "aula.person", "pk": 12, "fields": {"name": "Gabriela Dias Oliveira", "birthdate": "1996-12-15", "cpf": "01230665307"}}, {"model": "aula.person", "pk": 13, "fields": {"name": "Ricardo Ribeiro Rodrigues", "birthdate": "1987-05-13", "cpf": "59281446600"}}, {"model": "aula.person", "pk": 14, "fields": {"name": "Leonardo dos Rodrigues Rocha", "birthdate": "1989-08-28", "cpf": "49605737248"}}, {"model": "aula.person", "pk": 15, "fields": {"name": "Vanessa dos Almeida Silva", "birthdate": "1987-05-10", "cpf": "72672495904"}}, {"model": "aula.person", "pk": 16, "fields": {"name": "Sabrina Carvalho Lima", "birthdate": "1970-04-25", "cpf": "70710571259"}}, {"model": "aula.person", "pk": 17, "fields": {"name": "Lucas Costa Gomes", "birthdate": "1988-07-16", "cpf": "95949384121"}}, {"model": "aula.person", "pk": 18, "fields": {"name": "Igor das Teixeira Nunes", "birthdate": "1985-07-04", "cpf": "74189981397"}}, {"model": "aula.person", "pk": 19, "fields": {"name": "Luana Gomes Pereira", "birthdate": "1981-11-26", "cpf": "03258568189"}}, {"model": "aula.person", "pk": 20, "fields": {"name": "Patrícia Rodrigues Teixeira", "birthdate": "1969-08-25", "cpf": "58109593267"}}, {"model": "aula.person", "pk": 21, "fields": {"name": "Felipe Barbosa Mendes", "birthdate": "1998-03-18", "cpf": "99128328841"}}, {"model": "aula.person", "pk": 22, "fields": {"name": "Rodrigo Correia Ribeiro", "birthdate": "1986-10-10", "cpf": "89899705128"}}, {"model": "aula.person", "pk": 23, "fields": {"name": "Talita Correia Mendes", "birthdate": "2004-02-10", "cpf": "91539358615"}}, {"model": "aula.person", "pk": 24, "fields": {"name": "Lucas da Barbosa Santos", "birthdate": "1988-05-11", "cpf": "52730595694"}}, {"model": "aula.person", "pk": 25, "fields": {"name": "Isabela de Oliveira Cardoso", "birthdate": "1968-02-02", "cpf": "82824097582"}}, {"model": "aula.person", "pk": 26, "fields": {"name": "Marcelo dos Freitas Gomes", "birthdate": "1957-06-10", "cpf": "34059418900"}}, {"model": "aula.person", "pk": 27, "fields": {"name": "Bruna Carvalho Dias", "birthdate": "1983-03-15", "cpf": "25454272094"}}, {"model": "aula.person", "pk": 28, "fields": {"name": "Igor dos Teixeira Martins", "birthdate": "1989-09-17", "cpf": "59687997737"}}, {"model": "aula.person", "pk": 29, "fields": {"name": "Gustavo Araújo Freitas", "birthdate": "1959-06-08", "cpf": "91869217705"}}, {"model": "aula.person", "pk": 30, "fields": {"name": "Daniela do Dias Dias", "birthdate": "1990-12-23", "cpf": "15648568363"}}, {"model": "aula.person", "pk": 31, "fields": {"name": "Marcelo Barbosa Mendes", "birthdate": "1977-07-05", "cpf": "78187113251"}}, {"model": "aula.person", "pk": 32, "fields": {"name": "Marcelo Costa Lima", "birthdate": "1962-09-04", "cpf": "40259100471"}}, {"model": "aula.person", "pk": 33, "fields": {"name": "Daniel das Costa Costa", "birthdate": "1979-02-23", "cpf": "26604994546"}}, {"model": "aula.person", "pk": 34, "fields": {"name": "Mateus Ferreira Pereira", "birthdate": "1994-02-06", "cpf": "79768584670"}}, {"model": "aula.person", "pk": 35, "fields": {"name": "João Rodrigues Mendes", "birthdate": "1986-08-11", "cpf": "42262039844"}}, {"model": "aula.person", "pk": 36, "fields": {"name": "Sabrina dos Cardoso Dias", "birthdate": "2005-03-09", "cpf": "61113676337"}}, {"model": "aula.person", "pk": 37, "fields": {"name": "Rodrigo das Almeida Rocha", "birthdate": "1973-04-28", "cpf": "14082226630"}}, {"model": "aula.person", "pk": 38, "fields": {"name": "Isabela Rocha Pereira", "birthdate": "2000-04-09", "cpf": "85924674541"}}, {"model": "aula.person", "pk": 39, "fields": {"name": "Helena de Oliveira Araújo", "birthdate": "1958-11-11", "cpf": "42842633822"}}, {"model": "aula.person", "pk": 40, "fields": {"name": "Henrique das Pereira Carvalho", "birthdate": "1980-01-03", "cpf": "08533800584"}}, {"model": "aula.person", "pk": 41, "fields": {"name": "Diego Ferreira Mendes", "birthdate": "1980-05-13", "cpf": "76598399939"}}, {"model": "aula.person", "pk": 42, "fields": {"name": "Gabriel Almeida Barbosa", "birthdate": "2005-07-19", "cpf": "91793663092"}}, {"model": "aula.person", "pk": 43, "fields": {"name": "Daniel Ribeiro Souza", "birthdate": "1995-09-17", "cpf": "91523186054"}}, {"model": "aula.person", "pk": 44, "fields": {"name": "Fernanda Rodrigues Mendes", "birthdate": "1984-03-30", "cpf": "04800670403"}}, {"model": "aula.person", "pk": 45, "fields": {"name": "Isabela Ferreira Nunes", "birthdate": "2003-07-18", "cpf": "37724264848"}}, {"model": "aula.person", "pk": 46, "fields": {"name": "Ana das Almeida Cardoso", "birthdate": "1993-09-12", "cpf": "04970626588"}}, {"model": "aula.person", "pk": 47, "fields": {"name": "Mateus Almeida Souza", "birthdate": "2001-02-23", "cpf": "69589067808"}}, {"model": "aula.person", "pk": 48, "fields": {"name": "Isabela Ribeiro Souza", "birthdate": "1973-06-29", "cpf": "98838161542"}}, {"model": "aula.person", "pk": 49, "fields": {"name": "Rodrigo Rocha Pereira", "birthdate": "2002-01-21", "cpf": "59741197977"}}, {"model": "aula.person", "pk": 50, "fields": {"name": "Ana Gomes Santos", "birthdate": "1993-10-21", "cpf": "78290489676"}}, {"model": "aula.person", "pk": 51, "fields": {"name": "Patrícia das Moreira Nunes", "birthdate": "1965-06-26", "cpf": "85318314074"}}, {"model": "aula.person", "pk": 52, "fields": {"name": "Carla Oliveira Silva", "birthdate": "1971-02-06", "cpf": "59690671308"}}, {"model": "aula.person", "pk": 53, "fields": {"name": "Cláudia dos Gomes Cardoso", "birthdate": "1983-12-25", "cpf": "10227521030"}}, {"model": "aula.person", "pk": 54, "fields": {"name": "Mariana do Moreira Lima", "birthdate": "1971-02-04", "cpf": "79186506544"}}, {"model": "aula.person", "pk": 55, "fields": {"name": "Jéssica Dias Lima", "birthdate": "1970-08-20", "cpf": "62672687994"}}, {"model": "aula.person", "pk": 56, "fields": {"name": "Vanessa de Almeida Moreira", "birthdate": "1984-10-09", "cpf": "49434229936"}}, {"model": "aula.person", "pk": 57, "fields": {"name": "William do Araújo Santos", "birthdate": "2003-06-20", "cpf": "08039437687"}}, {"model": "aula.person", "pk": 58, "fields": {"name": "Pedro Mendes Mendes", "birthdate": "1986-03-03", "cpf": "66478099539"}}, {"model": "aula.person", "pk": 59, "fields": {"name": "Luana das Carvalho Costa", "birthdate": "1983-06-12", "cpf": "64664492707"}}, {"model": "aula.person", "pk": 60, "fields": {"name": "Leonardo Gomes Carvalho", "birthdate": "1995-11-14", "cpf": "69792364587"}}, {"model": "aula.person", "pk": 61, "fields": {"name": "Carlos das Nunes Rodrigues", "birthdate": "1978-07-08", "cpf": "12842674405"}}, {"model": "aula.person", "pk": 62, "fields": {"name": "Diego Oliveira Lima", "birthdate": "1975-01-09", "cpf": "00436269988"}}, {"model": "aula.person", "pk": 63, "fields": {"name": "Carla Carvalho Pereira", "birthdate": "1988-06-08", "cpf": "42986703925"}}, {"model": "aula.person", "pk": 64, "fields": {"name": "Lucas Correia Barbosa", "birthdate": "2000-09-25", "cpf": "90112217532"}}, {"model": "aula.person", "pk": 65, "fields": {"name": "Daniela de Dias Silva", "birthdate": "1998-07-08", "cpf": "64964573109"}}, {"model": "aula.person", "pk": 66, "fields": {"name": "Priscila Santos Carvalho", "birthdate": "1966-05-24", "cpf": "85874422528"}}, {"model": "aula.person", "pk": 67, "fields": {"name": "Marcelo Silva Santos", "birthdate": "1957-03-28", "cpf": "59571614629"}}, {"model": "aula.person", "pk": 68, "fields": {"name": "Henrique dos Souza Teixeira", "birthdate": "1989-04-13", "cpf": "06060389813"}}, {"model": "aula.person", "pk": 69, "fields": {"name": "Carla Moreira Oliveira", "birthdate": "1983-04-09", "cpf": "00009839186"}}, {"model": "aula.person", "pk": 70, "fields": {"name": "Vanessa Rodrigues Rocha", "birthdate": "1992-08-07", "cpf": "41194556701"}}, {"model": "aula.person", "pk": 71, "fields": {"name": "Paulo Santos Araújo", "birthdate": "1986-08-29", "cpf": "33406807011"}}, {"model": "aula.person", "pk": 72, "fields": {"name": "Mariana das Martins Freitas", "birthdate": "2003-02-13", "cpf": "96621739001"}}, {"model": "aula.person", "pk": 73, "fields": {"name": "Larissa de Cardoso Souza", "birthdate": "1966-02-08", "cpf": "66803215148"}}, {"model": "aula.person", "pk": 74, "fields": {"name": "Igor dos Oliveira Oliveira", "birthdate": "2004-09-03", "cpf": "66359500604"}}, {"model": "aula.person", "pk": 75, "fields": {"name": "Igor Martins Araújo", "birthdate": "1978-02-22", "cpf": "78589594769"}}, {"model": "aula.person", "pk": 76, "fields": {"name": "Eduarda Rocha Rodrigues", "birthdate": "1977-07-02", "cpf": "12214647872"}}, {"model": "aula.person", "pk": 77, "fields": {"name": "Lucas das Moreira Rodrigues", "birthdate": "1969-03-08", "cpf": "07578180304"}}, {"model": "aula.person", "pk": 78, "fields": {"name": "Bruna dos Carvalho Oliveira", "birthdate": "1957-06-11", "cpf": "51439825530"}}, {"model": "aula.person", "pk": 79, "fields": {"name": "Mariana Rocha Cardoso", "birthdate": "1973-04-21", "cpf": "06031424860"}}, {"model": "aula.person", "pk": 80, "fields": {"name": "Thiago Martins Nunes", "birthdate": "1996-07-19", "cpf": "71813571740"}}, {"model": "aula.person", "pk": 81, "fields": {"name": "Lucas Souza Barbosa", "birthdate": "1980-12-26", "cpf": "44163088849"}}, {"model": "aula.person", "pk": 82, "fields": {"name": "Patrícia Cardoso Pereira", "birthdate": "1974-12-28", "cpf": "85337881698"}}, {"model": "aula.person", "pk": 83, "fields": {"name": "Eduarda Oliveira Correia", "birthdate": "1961-09-03", "cpf": "09643623335"}}, {"model": "aula.person", "pk": 84, "fields": {"name": "Fernanda Ferreira Souza", "birthdate": "2006-07-14", "cpf": "48320994691"}}, {"model": "aula.person", "pk": 85, "fields": {"name": "Priscila Freitas Araújo", "birthdate": "1996-10-02", "cpf": "86725227708"}}, {"model": "aula.person", "pk": 86, "fields": {"name": "Renata da Gomes Lima", "birthdate": "1990-03-21", "cpf": "57439861507"}}, {"model": "aula.person", "pk": 87, "fields": {"name": "João Mendes Ribeiro", "birthdate": "1994-06-15", "cpf": "42292648792"}}, {"model": "aula.person", "pk": 88, "fields": {"name": "Mariana Martins Ferreira", "birthdate": "1981-11-05", "cpf": "15490010193"}}, {"model": "aula.person", "pk": 89, "fields": {"name": "Felipe de Teixeira Rodrigues", "birthdate": "1999-12-25", "cpf": "91159054207"}}, {"model": "aula.person", "pk": 90, "fields": {"name": "Eduardo dos Araújo Moreira", "birthdate": "1978-10-20", "cpf": "72782588044"}}, {"model": "aula.person", "pk": 91, "fields": {"name": "Juliana Teixeira Rocha", "birthdate": "1967-12-03", "cpf": "25520302383"}}, {"model": "aula.person", "pk": 92, "fields": {"name": "Cláudia Almeida Costa", "birthdate": "1981-06-14", "cpf": "14456210370"}}, {"model": "aula.person", "pk": 93, "fields": {"name": "Letícia Dias Santos", "birthdate": "2000-05-11", "cpf": "78595969035"}}, {"model": "aula.person", "pk": 94, "fields": {"name": "Daniel Almeida Costa", "birthdate": "1960-02-22", "cpf": "21859714846"}}, {"model": "aula.person", "pk": 95, "fields": {"name": "Daniel Araújo Nunes", "birthdate": "1963-08-11", "cpf": "18367944100"}}, {"model": "aula.person", "pk": 96, "fields": {"name": "Patrícia Martins Gomes", "birthdate": "1990-04-27", "cpf": "54171949998"}}, {"model": "aula.person", "pk": 97, "fields": {"name": "Sabrina Barbosa Lima", "birthdate": "1994-02-14", "cpf": "80655059458"}}, {"model": "aula.person", "pk": 98, "fields": {"name": "Paulo da Teixeira Araújo", "birthdate": "1961-11-28", "cpf": "71951345800"}}, {"model": "aula.person", "pk": 99, "fields": {"name": "Daniel Carvalho Santos", "birthdate": "1987-02-14", "cpf": "45867532690"}}, {"model": "aula.person", "pk": 100, "fields": {"name": "Ana do Rodrigues Barbosa", "birthdate": "1970-02-19", "cpf": "58485862414"}}, {"model": "aula.passport", "pk": 1, "fields": {"number": "BR09920314", "issue_date": "2022-09-03", "expiration_date": "2024-03-05", "owner": 1}}, {"model": "aula.passport", "pk": 2, "fields": {"number": "BR56558070", "issue_date": "1998-02-23", "expiration_date": "2003-05-24", "owner": 2}}, {"model": "aula.passport", "pk": 3, "fields": {"number": "BR32346791", "issue_date": "2025-10-31", "expiration_date": "2032-06-06", "owner": 3}}, {"model": "aula.passport", "pk": 4, "fields": {"number": "BR38962602", "issue_date": "2025-04-04", "expiration_date": "2034-11-13", "owner": 4}}, {"model": "aula.passport", "pk": 5, "fields": {"number": "BR68683441", "issue_date": "1979-05-06", "expiration_date": "1982-11-16", "owner": 5}}, {"model": "aula.passport", "pk": 6, "fields": {"number": "BR81415725", "issue_date": "2024-04-27", "expiration_date": "2030-07-29", "owner": 6}}, {"model": "aula.passport", "pk": 7, "fields": {"number": "BR63841382", "issue_date": "2005-10-22", "expiration_date": "2008-03-05", "owner": 7}}, {"model": "aula.passport", "pk": 8, "fields": {"number": "BR86133234", "issue_date": "1990-12-21", "expiration_date": "1998-07-29", "owner": 8}}, {"model": "aula.passport", "pk": 9, "fields": {"number": "BR56532197", "issue_date": "2023-08-25", "expiration_date": "2028-12-16", "owner": 9}}, {"model": "aula.passport", "pk": 10, "fields": {"number": "BR98401784", "issue_date": "2016-01-03", "expiration_date": "2018-12-12", "owner": 10}}, {"model": "aula.passport", "pk": 11, "fields": {"number": "BR91151927", "issue_date": "2013-04-02", "expiration_date": "2016-10-14", "owner": 11}}, {"model": "aula.passport", "pk": 12, "fields": {"number": "BR02373413", "issue_date": "2025-09-09", "expiration_date": "2034-02-16", "owner": 12}}, {"model": "aula.passport", "pk": 13, "fields": {"number": "BR01806963", "issue_date": "2005-06-10", "expiration_date": "2011-06-18", "owner": 13}}, {"model": "aula.passport", "pk": 14, "fields": {"number": "BR78736095", "issue_date": "2008-02-20", "expiration_date": "2013-07-16", "owner": 14}}, {"model": "aula.passport", "pk": 15, "fields": {"number": "BR54555229", "issue_date": "2011-10-08", "expiration_date": "2019-01-22", "owner": 15}}, {"model": "aula.passport", "pk": 16, "fields": {"number": "BR76232975", "issue_date": "2021-01-02", "expiration_date": "2028-10-27", "owner": 16}}, {"model": "aula.passport", "pk": 17, "fields": {"number": "BR74070626", "issue_date": "2008-11-04", "expiration_date": "2014-06-09", "owner": 17}}, {"model": "aula.passport", "pk": 18, "fields": {"number": "BR97697265", "issue_date": "2015-08-02", "expiration_date": "2022-02-07", "owner": 18}}, {"model": "aula.passport", "pk": 19, "fields": {"number": "BR05750279", "issue_date": "2025-04-01", "expiration_date": "2033-12-03", "owner": 19}}, {"model": "aula.passport", "pk": 20, "fields": {"number": "BR95803512", "issue_date": "2013-06-26", "expiration_date": "2017-04-15", "owner": 20}}, {"model": "aula.passport", "pk": 21, "fields": {"number": "BR72618886", "issue_date": "2022-11-19", "expiration_date": "2027-04-04", "owner": 21}}, {"model": "aula.passport", "pk": 22, "fields": {"number": "BR85369353", "issue_date": "2017-11-24", "expiration_date": "2021-10-03", "owner": 22}}, {"model": "aula.passport", "pk": 23, "fields": {"number": "BR94678411", "issue_date": "2025-02-12", "expiration_date": "2029-11-12", "owner": 23}}, {"model": "aula.passport", "pk": 24, "fields": {"number": "BR55650911", "issue_date": "2012-02-18", "expiration_date": "2015-08-13", "owner": 24}}, {"model": "aula.passport", "pk": 25, "fields": {"number": "BR42451854", "issue_date": "2020-10-03", "expiration_date": "2025-05-25", "owner": 25}}, {"model": "aula.passport", "pk": 26, "fields": {"number": "BR82275730", "issue_date": "1983-05-27", "expiration_date": "1984-08-30", "owner": 26}}, {"model": "aula.passport", "pk": 27, "fields": {"number": "BR91836108", "issue_date": "2012-10-14", "expiration_date": "2014-10-18", "owner": 27}}, {"model": "aula.passport", "pk": 28, "fields": {"number": "BR01425815", "issue_date": "2013-05-30", "expiration_date": "2022-05-09", "owner": 28}}, {"model": "aula.passport", "pk": 29, "fields": {"number": "BR21024585", "issue_date": "2004-05-27", "expiration_date": "2010-10-02", "owner": 29}}, {"model": "aula.passport", "pk": 30, "fields": {"number": "BR53048217", "issue_date": "2021-12-09", "expiration_date": "2031-08-04", "owner": 30}}, {"model": "aula.passport", "pk": 31, "fields": {"number": "BR54825818", "issue_date": "1999-01-18", "expiration_date": "2008-05-23", "owner": 31}}, {"model": "aula.passport", "pk": 32, "fields": {"number": "BR43411772", "issue_date": "2009-09-13", "expiration_date": "2011-03-13", "owner": 32}}, {"model": "aula.passport", "pk": 33, "fields": {"number": "BR85284800", "issue_date": "2001-01-02", "expiration_date": "2008-06-05", "owner": 33}}, {"model": "aula.passport", "pk": 34, "fields": {"number": "BR41423941", "issue_date": "2014-09-20", "expiration_date": "2017-08-16", "owner": 34}}, {"model": "aula.passport", "pk": 35, "fields": {"number": "BR70435614", "issue_date": "2017-05-08", "expiration_date": "2019-06-05", "owner": 35}}, {"model": "aula.passport", "pk": 36, "fields": {"number": "BR58093626", "issue_date": "2024-09-09", "expiration_date": "2028-03-06", "owner": 36}}, {"model": "aula.passport", "pk": 37, "fields": {"number": "BR93057751", "issue_date": "2003-03-29", "expiration_date": "2012-01-20", "owner": 37}}, {"model": "aula.passport", "pk": 38, "fields": {"number": "BR45624449", "issue_date": "2021-08-07", "expiration_date": "2025-11-01", "owner": 38}}, {"model": "aula.passport", "pk": 39, "fields": {"number": "BR47071447", "issue_date": "2023-10-31", "expiration_date": "2027-07-31", "owner": 39}}, {"model": "aula.passport", "pk": 40, "fields": {"number": "BR35538400", "issue_date": "2025-05-08", "expiration_date": "2028-04-10", "owner": 40}}, {"model": "aula.passport", "pk": 41, "fields": {"number": "BR32274717", "issue_date": "2001-12-28", "expiration_date": "2004-03-10", "owner": 41}}, {"model": "aula.passport", "pk": 42, "fields": {"number": "BR26418269", "issue_date": "2025-01-07", "expiration_date": "2031-09-03", "owner": 42}}, {"model": "aula.passport", "pk": 43, "fields": {"number": "BR32356387", "issue_date": "2019-12-02", "expiration_date": "2028-06-07", "owner": 43}}, {"model": "aula.passport", "pk": 44, "fields": {"number": "BR26879400", "issue_date": "2006-08-19", "expiration_date": "2014-10-04", "owner": 44}}, {"model": "aula.passport", "pk": 45, "fields": {"number": "BR15902737", "issue_date": "2024-08-17", "expiration_date": "2033-07-31", "owner": 45}}, {"model": "aula.passport", "pk": 46, "fields": {"number": "BR89648109", "issue_date": "2021-05-31", "expiration_date": "2026-10-14", "owner": 46}}, {"model": "aula.passport", "pk": 47, "fields": {"number": "BR90304873", "issue_date": "2024-12-05", "expiration_date": "2027-06-25", "owner": 47}}, {"model": "aula.passport", "pk": 48, "fields": {"number": "BR84742743", "issue_date": "2010-01-31", "expiration_date": "2012-08-13", "owner": 48}}, {"model": "aula.passport", "pk": 49, "fields": {"number": "BR13938139", "issue_date": "2021-03-02", "expiration_date": "2022-06-13", "owner": 49}}, {"model": "aula.passport", "pk": 50, "fields": {"number": "BR42201748", "issue_date": "2020-11-06", "expiration_date": "2024-08-01", "owner": 50}}, {"model": "aula.passport", "pk": 51, "fields": {"number": "BR85249450", "issue_date": "2017-06-20", "expiration_date": "2022-03-20", "owner": 51}}, {"model": "aula.passport", "pk": 52, "fields": {"number": "BR18194994", "issue_date": "2025-07-01", "expiration_date": "2034-10-02", "owner": 52}}, {"model": "aula.passport", "pk": 53, "fields": {"number": "BR67674797", "issue_date": "2014-01-08", "expiration_date": "2022-03-03", "owner": 53}}, {"model": "aula.passport", "pk": 54, "fields": {"number": "BR45412014", "issue_date": "2017-04-28", "expiration_date": "2026-09-06", "owner": 54}}, {"model": "aula.passport", "pk": 55, "fields": {"number": "BR22509533", "issue_date": "2010-11-11", "expiration_date": "2013-03-23", "owner": 55}}, {"model": "aula.passport", "pk": 56, "fields": {"number": "BR78678784", "issue_date": "2023-03-09", "expiration_date": "2029-10-26", "owner": 56}}, {"model": "aula.passport", "pk": 57, "fields": {"number": "BR71820974", "issue_date": "2023-02-21", "expiration_date": "2031-08-03", "owner": 57}}, {"model": "aula.passport", "pk": 58, "fields": {"number": "BR62060654", "issue_date": "2006-07-05", "expiration_date": "2009-04-15", "owner": 58}}, {"model": "aula.passport", "pk": 59, "fields": {"number": "BR95990800", "issue_date": "2007-09-19", "expiration_date": "2013-04-02", "owner": 59}}, {"model": "aula.passport", "pk": 60, "fields": {"number": "BR30987704", "issue_date": "2016-06-16", "expiration_date": "2022-11-18", "owner": 60}}, {"model": "aula.passport", "pk": 61, "fields": {"number": "BR42267021", "issue_date": "2006-01-16", "expiration_date": "2010-11-23", "owner": 61}}, {"model": "aula.passport", "pk": 62, "fields": {"number": "BR97255028", "issue_date": "2022-09-17", "expiration_date": "2027-01-04", "owner": 62}}, {"model": "aula.passport", "pk": 63, "fields": {"number": "BR71348169", "issue_date": "2012-10-12", "expiration_date": "2022-01-24", "owner": 63}}, {"model": "aula.passport", "pk": 64, "fields": {"number": "BR09076880", "issue_date": "2022-03-08", "expiration_date": "2026-10-29", "owner": 64}}, {"model": "aula.passport", "pk": 65, "fields": {"number": "BR37181459", "issue_date": "2018-03-12", "expiration_date": "2026-11-10", "owner": 65}}, {"model": "aula.passport", "pk": 66, "fields": {"number": "BR79756393", "issue_date": "1988-02-18", "expiration_date": "1997-04-08", "owner": 66}}, {"model": "aula.passport", "pk": 67, "fields": {"number": "BR06451183", "issue_date": "1978-12-16", "expiration_date": "1985-02-24", "owner": 67}}, {"model": "aula.passport", "pk": 68, "fields": {"number": "BR28745615", "issue_date": "2023-09-08", "expiration_date": "2025-07-02", "owner": 68}}, {"model": "aula.passport", "pk": 69, "fields": {"number": "BR94024182", "issue_date": "2020-07-21", "expiration_date": "2027-02-22", "owner": 69}}, {"model": "aula.passport", "pk": 70, "fields": {"number": "BR14077962", "issue_date": "2012-06-21", "expiration_date": "2016-07-01", "owner": 70}}, {"model": "aula.passport", "pk": 71, "fields": {"number": "BR20801643", "issue_date": "2018-04-17", "expiration_date": "2023-05-11", "owner": 71}}, {"model": "aula.passport", "pk": 72, "fields": {"number": "BR13654641", "issue_date": "2021-07-07", "expiration_date": "2023-12-26", "owner": 72}}, {"model": "aula.passport", "pk": 73, "fields": {"number": "BR14106598", "issue_date": "2000-05-26", "expiration_date": "2004-12-21", "owner": 73}}, {"model": "aula.passport", "pk": 74, "fields": {"number": "BR17125659", "issue_date": "2024-09-10", "expiration_date": "2031-05-09", "owner": 74}}, {"model": "aula.passport", "pk": 75, "fields": {"number": "BR65375293", "issue_date": "2000-02-25", "expiration_date": "2003-04-04", "owner": 75}}, {"model": "aula.passport", "pk": 76, "fields": {"number": "BR59697079", "issue_date": "1996-06-20", "expiration_date": "1998-08-12", "owner": 76}}, {"model": "aula.passport", "pk": 77, "fields": {"number": "BR19932834", "issue_date": "1994-05-26", "expiration_date": "2002-02-09", "owner": 77}}, {"model": "aula.passport", "pk": 78, "fields": {"number": "BR65418287", "issue_date": "1999-02-02", "expiration_date": "2003-05-17", "owner": 78}}, {"model": "aula.passport", "pk": 79, "fields": {"number": "BR54508398", "issue_date": "2004-05-23", "expiration_date": "2009-07-23", "owner": 79}}, {"model": "aula.passport", "pk": 80, "fields": {"number": "BR15029697", "issue_date": "2019-04-05", "expiration_date": "2023-06-13", "owner": 80}}, {"model": "aula.passport", "pk": 81, "fields": {"number": "BR58703596", "issue_date": "2009-11-25", "expiration_date": "2018-08-17", "owner": 81}}, {"model": "aula.passport", "pk": 82, "fields": {"number": "BR66224072", "issue_date": "1996-10-24", "expiration_date": "2006-07-12", "owner": 82}}, {"model": "aula.passport", "pk": 83, "fields": {"number": "BR41665260", "issue_date": "1995-04-27", "expiration_date": "2005-01-20", "owner": 83}}, {"model": "aula.passport", "pk": 84, "fields": {"number": "BR63333342", "issue_date": "2025-11-03", "expiration_date": "2027-08-24", "owner": 84}}, {"model": "aula.passport", "pk": 85, "fields": {"number": "BR26273172", "issue_date": "2016-05-21", "expiration_date": "2018-06-29", "owner": 85}}, {"model": "aula.passport", "pk": 86, "fields": {"number": "BR06428386", "issue_date": "2016-02-28", "expiration_date": "2023-07-17", "owner": 86}}, {"model": "aula.passport", "pk": 87, "fields": {"number": "BR18416330", "issue_date": "2013-03-16", "expiration_date": "2016-11-11", "owner": 87}}, {"model": "aula.passport", "pk": 88, "fields": {"number": "BR26749943", "issue_date": "2007-05-21", "expiration_date": "2013-11-03", "owner": 88}}, {"model": "aula.passport", "pk": 89, "fields": {"number": "BR50630799", "issue_date": "2018-11-06", "expiration_date": "2021-05-08", "owner": 89}}, {"model": "aula.passport", "pk": 90, "fields": {"number": "BR41987514", "issue_date": "2003-07-11", "expiration_date": "2013-01-28", "owner": 90}}, {"model": "aula.passport", "pk": 91, "fields": {"number": "BR70385644", "issue_date": "2014-08-13", "expiration_date": "2016-08-15", "owner": 91}}, {"model": "aula.passport", "pk": 92, "fields": {"number": "BR09421897", "issue_date": "2013-07-29", "expiration_date": "2022-06-10", "owner": 92}}, {"model": "aula.passport", "pk": 93, "fields": {"number": "BR99056230", "issue_date": "2023-11-11", "expiration_date": "2025-02-28", "owner": 93}}, {"model": "aula.passport", "pk": 94, "fields": {"number": "BR68473663", "issue_date": "2014-11-17", "expiration_date": "2020-01-25", "owner": 94}}, {"model": "aula.passport", "pk": 95, "fields": {"number": "BR89433582", "issue_date": "1998-12-16", "expiration_date": "2007-09-29", "owner": 95}}, {"model": "aula.passport", "pk": 96, "fields": {"number": "BR12407100", "issue_date": "2017-07-03", "expiration_date": "2020-09-24", "owner": 96}}, {"model": "aula.passport", "pk": 97, "fields": {"number": "BR53271167", "issue_date": "2021-06-16", "expiration_date": "2025-03-13", "owner": 97}}, {"model": "aula.passport", "pk": 98, "fields": {"number": "BR99063295", "issue_date": "1989-08-12", "expiration_date": "1995-06-25", "owner": 98}}, {"model": "aula.passport", "pk": 99, "fields": {"number": "BR78071165", "issue_date": "2023-08-06", "expiration_date": "2026-04-09", "owner": 99}}, {"model": "aula.passport", "pk": 100, "fields": {"number": "BR88100318", "issue_date": "2009-11-25", "expiration_date": "2016-09-28", "owner": 100}}, {"model": "aula.reporter", "pk": 1, "fields": {"name": "Lucas da Teixeira Rocha", "cpf": "20155988042", "email": "lucas.da.teixeira.rocha1729@exemplo.com.br"}}, {"model": "aula.reporter", "pk": 2, "fields": {"name": "Natália Nunes Barbosa", "cpf": "57630266839", "email": "natalia.nunes.barbosa6794@exemplo.com.br"}}, {"model": "aula.reporter", "pk": 3, "fields": {"name": "Rodrigo Rodrigues Mendes", "cpf": "58162046020", "email": "rodrigo.rodrigues.mendes9017@exemplo.com.br"}}, {"model": "aula.reporter", "pk": 4, "fields": {"name": "Mateus do Freitas Barbosa", "cpf": "27420660042", "email": "mateus.do.freitas.barbosa5601@exemplo.com.br"}}, {"model": "aula.reporter", "pk": 5, "fields": {"name": "Priscila Santos Almeida", "cpf": "31698929676", "email": "priscila.santos.almeida3245@exemplo.com.br"}}, {"model": "aula.reporter", "pk": 6, "fields": {"name": "Daniel dos Nunes Barbosa", "cpf": "79206172190", "email": "daniel.dos.nunes.barbosa4211@exemplo.com.br"}}, {"model": "aula.reporter", "pk": 7, "fields": {"name": "Larissa Cardoso Ribeiro", "cpf": "36508323563", "email": "larissa.cardoso.ribeiro8713@exemplo.com.br"}}, {"model": "aula.reporter", "pk": 8, "fields": {"name": "Natália Mendes Gomes", "cpf": "38988240987", "email": "natalia.mendes.gomes5362@exemplo.com.br"}}, {"model": "aula.reporter", "pk": 9, "fields": {"name": "Daniela Rodrigues Moreira", "cpf": "21005320063", "email": "daniela.rodrigues.moreira6698@exemplo.com.br"}}, {"model": "aula.reporter", "pk": 10, "fields": {"name": "Ricardo Barbosa Costa", "cpf": "27274585762", "email": "ricardo.barbosa.costa4584@exemplo.com.br"}}, {"model": "aula.reporter", "pk": 11, "fields": {"name": "Eduarda da Araújo Mendes", "cpf": "37874048482", "email": "eduarda.da.araujo.mendes3864@exemplo.com.br"}}, {"model": "aula.reporter", "pk": 12, "fields": {"name": "Felipe Ribeiro Rodrigues", "cpf": "88098290182", "email": "felipe.ribeiro.rodrigues1751@exemplo.com.br"}}, {"model": "aula.reporter", "pk": 13, "fields": {"name": "Priscila Dias Santos", "cpf": "95474389647", "email": "priscila.dias.santos8854@exemplo.com.br"}}, {"model": "aula.reporter", "pk": 14, "fields": {"name": "Camila Barbosa Gomes", "cpf": "88126521821", "email": "camila.barbosa.gomes1168@exemplo.com.br"}}, {"model": "aula.reporter", "pk": 15, "fields": {"name": "Daniela Correia Nunes", "cpf": "75728304478", "email": "daniela.correia.nunes3788@exemplo.com.br"}}, {"model": "aula.reporter", "pk": 16, "fields": {"name": "Helena Pereira Pereira", "cpf": "18076324661", "email": "helena.pereira.pereira6790@exemplo.com.br"}}, {"model": "aula.reporter", "pk": 17, "fields": {"name": "Carla Rocha Pereira", "cpf": "85482560449", "email": "carla.rocha.pereira8240@exemplo.com.br"}}, {"model": "aula.reporter", "pk": 18, "fields": {"name": "Igor das Oliveira Rocha", "cpf": "26346291769", "email": "igor.das.oliveira.rocha3675@exemplo.com.br"}}, {"model": "aula.reporter", "pk": 19, "fields": {"name": "Gabriel das Souza Martins", "cpf": "92128846528", "email": "gabriel.das.souza.martins8412@exemplo.com.br"}}, {"model": "aula.reporter", "pk": 20, "fields": {"name": "Jéssica da Ribeiro Santos", "cpf": "17664649471", "email": "jessica.da.ribeiro.santos2925@exemplo.com.br"}}, {"model": "aula.reporter", "pk": 21, "fields": {"name": "Helena Almeida Almeida", "cpf": "88395119461", "email": "helena.almeida.almeida7583@exemplo.com.br"}}, {"model": "aula.reporter", "pk": 22, "fields": {"name": "Priscila Ribeiro Almeida", "cpf": "05442200999", "email": "priscila.ribeiro.almeida593@exemplo.com.br"}}, {"model": "aula.reporter", "pk": 23, "fields": {"name": "Beatriz Rodrigues Gomes", "cpf": "45511097543", "email": "beatriz.rodrigues.gomes4867@exemplo.com.br"}}, {"model": "aula.reporter", "pk": 24, "fields": {"name": "Daniel Moreira Teixeira", "cpf": "93902286466", "email": "daniel.moreira.teixeira13@exemplo.com.br"}}, {"model": "aula.reporter", "pk": 25, "fields": {"name": "Gustavo Moreira Rocha", "cpf": "31563867745", "email": "gustavo.moreira.rocha778@exemplo.com.br"}}, {"model": "aula.reporter", "pk": 26, "fields": {"name": "Carla Teixeira Cardoso", "cpf": "11584947187", "email": "carla.teixeira.cardoso8793@exemplo.com.br"}}, {"model": "aula.reporter", "pk": 27, "fields": {"name": "Patrícia Cardoso Cardoso", "cpf": "14258051080", "email": "patricia.cardoso.cardoso334@exemplo.com.br"}}, {"model": "aula.reporter", "pk": 28, "fields": {"name": "Eduardo da Rocha Rocha", "cpf": "17532520080", "email": "eduardo.da.rocha.rocha7878@exemplo.com.br"}}, {"model": "aula.reporter", "pk": 29, "fields": {"name": "Daniela do Dias Ferreira", "cpf": "24007123101", "email": "daniela.do.dias.ferreira8007@exemplo.com.br"}}, {"model": "aula.reporter", "pk": 30, "fields": {"name": "Beatriz Barbosa Cardoso", "cpf": "53923591241", "email": "beatriz.barbosa.cardoso4947@exemplo.com.br"}}, {"model": "aula.reporter", "pk": 31, "fields": {"name": "Thiago Gomes Barbosa", "cpf": "44612499484", "email": "thiago.gomes.barbosa9536@exemplo.com.br"}}, {"model": "aula.reporter", "pk": 32, "fields": {"name": "Carlos Carvalho Mendes", "cpf": "36934855345", "email": "carlos.carvalho.mendes2447@exemplo.com.br"}}, {"model": "aula.reporter", "pk": 33, "fields": {"name": "Renata Rodrigues Carvalho", "cpf": "49199701375", "email": "renata.rodrigues.carvalho7024@exemplo.com.br"}}, {"model": "aula.reporter", "pk": 34, "fields": {"name": "Beatriz de Nunes Costa", "cpf": "68914150208", "email": "beatriz.de.nunes.costa9373@exemplo.com.br"}}, {"model": "aula.reporter", "pk": 35, "fields": {"name": "Patrícia de Costa Pereira", "cpf": "57556306909", "email": "patricia.de.costa.pereira8544@exemplo.com.br"}}, {"model": "aula.reporter", "pk": 36, "fields": {"name": "Mateus dos Correia Souza", "cpf": "20878247467", "email": "mateus.dos.correia.souza8278@exemplo.com.br"}}, {"model": "aula.reporter", "pk": 37, "fields": {"name": "Paulo de Almeida Freitas", "cpf": "55188660385", "email": "paulo.de.almeida.freitas7284@exemplo.com.br"}}, {"model": "aula.reporter", "pk": 38, "fields": {"name": "Gustavo Silva Silva", "cpf": "39636110140", "email": "gustavo.silva.silva5094@exemplo.com.br"}}, {"model": "aula.reporter", "pk": 39, "fields": {"name": "José Santos Carvalho", "cpf": "89622153577", "email": "jose.santos.carvalho2542@exemplo.com.br"}}, {"model": "aula.reporter", "pk": 40, "fields": {"name": "Eduarda dos Dias Rodrigues", "cpf": "90313079200", "email": "eduarda.dos.dias.rodrigues9132@exemplo.com.br"}}, {"model": "aula.reporter", "pk": 41, "fields": {"name": "William do Araújo Moreira", "cpf": "99934590115", "email": "william.do.araujo.moreira6893@exemplo.com.br"}}, {"model": "aula.reporter", "pk": 42, "fields": {"name": "Paulo Rodrigues Martins", "cpf": "91472872843", "email": "paulo.rodrigues.martins4814@exemplo.com.br"}}, {"model": "aula.reporter", "pk": 43, "fields": {"name": "Renata Costa Almeida", "cpf": "52343780048", "email": "renata.costa.almeida7973@exemplo.com.br"}}, {"model": "aula.reporter", "pk": 44, "fields": {"name": "Vanessa Mendes Gomes", "cpf": "97527368314", "email": "vanessa.mendes.gomes182@exemplo.com.br"}}, {"model": "aula.reporter", "pk": 45, "fields": {"name": "Gabriela Gomes Araújo", "cpf": "68268123630", "email": "gabriela.gomes.araujo2988@exemplo.com.br"}}, {"model": "aula.reporter", "pk": 46, "fields": {"name": "Camila Cardoso Costa", "cpf": "07642731248", "email": "camila.cardoso.costa8640@exemplo.com.br"}}, {"model": "aula.reporter", "pk": 47, "fields": {"name": "Talita Ferreira Freitas", "cpf": "62517348502", "email": "talita.ferreira.freitas2858@exemplo.com.br"}}, {"model": "aula.reporter", "pk": 48, "fields": {"name": "Lucas Santos Nunes", "cpf": "01125352833", "email": "lucas.santos.nunes5595@exemplo.com.br"}}, {"model": "aula.reporter", "pk": 49, "fields": {"name": "Carla do Rocha Dias", "cpf": "82840789965", "email": "carla.do.rocha.dias5282@exemplo.com.br"}}, {"model": "aula.reporter", "pk": 50, "fields": {"name": "Talita Freitas Silva", "cpf": "60494829770", "email": "talita.freitas.silva2233@exemplo.com.br"}}, {"model": "aula.reporter", "pk": 51, "fields": {"name": "Beatriz Souza Moreira", "cpf": "43648130285", "email": "beatriz.souza.moreira466@exemplo.com.br"}}, {"model": "aula.reporter", "pk": 52, "fields": {"name": "Daniel das Carvalho Cardoso", "cpf": "36211206615", "email": "daniel.das.carvalho.cardoso7037@exemplo.com.br"}}, {"model": "aula.reporter", "pk": 53, "fields": {"name": "Daniel Ferreira Martins", "cpf": "79223441048", "email": "daniel.ferreira.martins695@exemplo.com.br"}}, {"model": "aula.reporter", "pk": 54, "fields": {"name": "Camila Moreira Pereira", "cpf": "41444308122", "email": "camila.moreira.pereira3623@exemplo.com.br"}}, {"model": "aula.reporter", "pk": 55, "fields": {"name": "Cláudia Mendes Santos", "cpf": "00591295148", "email": "claudia.mendes.santos6463@exemplo.com.br"}}, {"model": "aula.reporter", "pk": 56, "fields": {"name": "Paulo do Nunes Lima", "cpf": "39016350098", "email": "paulo.do.nunes.lima2820@exemplo.com.br"}}, {"model": "aula.reporter", "pk": 57, "fields": {"name": "Lucas Pereira Barbosa", "cpf": "60385541732", "email": "lucas.pereira.barbosa4705@exemplo.com.br"}}, {"model": "aula.reporter", "pk": 58, "fields": {"name": "Thiago Rocha Oliveira", "cpf": "36245876923", "email": "thiago.rocha.oliveira4056@exemplo.com.br"}}, {"model": "aula.reporter", "pk": 59, "fields": {"name": "Eduarda Martins Mendes", "cpf": "84616405271", "email": "eduarda.martins.mendes4560@exemplo.com.br"}}, {"model": "aula.reporter", "pk": 60, "fields": {"name": "Igor Teixeira Correia", "cpf": "31197307001", "email": "igor.teixeira.correia7325@exemplo.com.br"}}, {"model": "aula.reporter", "pk": 61, "fields": {"name": "Igor Santos Souza", "cpf": "99689302299", "email": "igor.santos.souza8073@exemplo.com.br"}}, {"model": "aula.reporter", "pk": 62, "fields": {"name": "Daniela Almeida Rocha", "cpf": "26584797864", "email": "daniela.almeida.rocha6157@exemplo.com.br"}}, {"model": "aula.reporter", "pk": 63, "fields": {"name": "Fernanda Martins Rocha", "cpf": "07805219273", "email": "fernanda.martins.rocha5022@exemplo.com.br"}}, {"model": "aula.reporter", "pk": 64, "fields": {"name": "Carlos das Araújo Costa", "cpf": "86996457912", "email": "carlos.das.araujo.costa1009@exemplo.com.br"}}, {"model": "aula.reporter", "pk": 65, "fields": {"name": "Letícia Gomes Mendes", "cpf": "05202289286", "email": "leticia.gomes.mendes3652@exemplo.com.br"}}, {"model": "aula.reporter", "pk": 66, "fields": {"name": "Camila Cardoso Ribeiro", "cpf": "97798701052", "email": "camila.cardoso.ribeiro2476@exemplo.com.br"}}, {"model": "aula.reporter", "pk": 67, "fields": {"name": "Sabrina Teixeira Cardoso", "cpf": "28217562164", "email": "sabrina.teixeira.cardoso6926@exemplo.com.br"}}, {"model": "aula.reporter", "pk": 68, "fields": {"name": "Leonardo da Nunes Carvalho", "cpf": "46245206456", "email": "leonardo.da.nunes.carvalho3479@exemplo.com.br"}}, {"model": "aula.reporter", "pk": 69, "fields": {"name": "Jéssica Correia Cardoso", "cpf": "96524881273", "email": "jessica.correia.cardoso3737@exemplo.com.br"}}, {"model": "aula.reporter", "pk": 70, "fields": {"name": "Thiago Moreira Freitas", "cpf": "79089539808", "email": "thiago.moreira.freitas7296@exemplo.com.br"}}, {"model": "aula.reporter", "pk": 71, "fields": {"name": "Mateus Gomes Teixeira", "cpf": "39947263282", "email": "mateus.gomes.teixeira7560@exemplo.com.br"}}, {"model": "aula.reporter", "pk": 72, "fields": {"name": "Eduarda da Nunes Costa", "cpf": "86024087659", "email": "eduarda.da.nunes.costa3380@exemplo.com.br"}}, {"model": "aula.reporter", "pk": 73, "fields": {"name": "Mateus Oliveira Cardoso", "cpf": "93086982055", "email": "mateus.oliveira.cardoso7251@exemplo.com.br"}}, {"model": "aula.reporter", "pk": 74, "fields": {"name": "Gabriel dos Moreira Barbosa", "cpf": "95899745703", "email": "gabriel.dos.moreira.barbosa423@exemplo.com.br"}}, {"model": "aula.reporter", "pk": 75, "fields": {"name": "Felipe Santos Oliveira", "cpf": "51168686563", "email": "felipe.santos.oliveira5896@exemplo.com.br"}}, {"model": "aula.reporter", "pk": 76, "fields": {"name": "João Rocha Dias", "cpf": "88967627157", "email": "joao.rocha.dias1618@exemplo.com.br"}}, {"model": "aula.reporter", "pk": 77, "fields": {"name": "Eduarda Santos Almeida", "cpf": "95274942571", "email": "eduarda.santos.almeida4059@exemplo.com.br"}}, {"model": "aula.reporter", "pk": 78, "fields": {"name": "William Oliveira Barbosa", "cpf": "14299836472", "email": "william.oliveira.barbosa1460@exemplo.com.br"}}, {"model": "aula.reporter", "pk": 79, "fields": {"name": "Lucas Almeida Dias", "cpf": "88537986020", "email": "lucas.almeida.dias3727@exemplo.com.br"}}, {"model": "aula.reporter", "pk": 80, "fields": {"name": "Bruna Souza Nunes", "cpf": "29197685143", "email": "bruna.souza.nunes4617@exemplo.com.br"}}, {"model": "aula.reporter", "pk": 81, "fields": {"name": "José do Rodrigues Gomes", "cpf": "47648628678", "email": "jose.do.rodrigues.gomes9162@exemplo.com.br"}}, {"model": "aula.reporter", "pk": 82, "fields": {"name": "Patrícia Moreira Dias", "cpf": "98627363803", "email": "patricia.moreira.dias3448@exemplo.com.br"}}, {"model": "aula.reporter", "pk": 83, "fields": {"name": "Henrique das Costa Silva", "cpf": "74994857733", "email": "henrique.das.costa.silva4041@exemplo.com.br"}}, {"model": "aula.reporter", "pk": 84, "fields": {"name": "Daniela Lima Ferreira", "cpf": "22069464164", "email": "daniela.lima.ferreira9115@exemplo.com.br"}}, {"model": "aula.reporter", "pk": 85, "fields": {"name": "Mariana de Ferreira Souza", "cpf": "31266359974", "email": "mariana.de.ferreira.souza8963@exemplo.com.br"}}, {"model": "aula.reporter", "pk": 86, "fields": {"name": "Pedro Moreira Gomes", "cpf": "79060259467", "email": "pedro.moreira.gomes547@exemplo.com.br"}}, {"model": "aula.reporter", "pk": 87, "fields": {"name": "Beatriz de Costa Dias", "cpf": "80079451721", "email": "beatriz.de.costa.dias1274@exemplo.com.br"}}, {"model": "aula.reporter", "pk": 88, "fields": {"name": "Mariana da Pereira Lima", "cpf": "18241077734", "email": "mariana.da.pereira.lima2222@exemplo.com.br"}}, {"model": "aula.reporter", "pk": 89, "fields": {"name": "Renata do Teixeira Moreira", "cpf": "29654638100", "email": "renata.do.teixeira.moreira4087@exemplo.com.br"}}, {"model": "aula.reporter", "pk": 90, "fields": {"name": "Rodrigo Oliveira Silva", "cpf": "28833841260", "email": "rodrigo.oliveira.silva3313@exemplo.com.br"}}, {"model": "aula.reporter", "pk": 91, "fields": {"name": "Henrique das Barbosa Almeida", "cpf": "10598690980", "email": "henrique.das.barbosa.almeida2341@exemplo.com.br"}}, {"model": "aula.reporter", "pk": 92, "fields": {"name": "Talita Cardoso Nunes", "cpf": "42475754575", "email": "talita.cardoso.nunes8114@exemplo.com.br"}}, {"model": "aula.reporter", "pk": 93, "fields": {"name": "Sabrina Teixeira Dias", "cpf": "04183793785", "email": "sabrina.teixeira.dias2134@exemplo.com.br"}}, {"model": "aula.reporter", "pk": 94, "fields": {"name": "Cláudia de Gomes Rodrigues", "cpf": "95308792615", "email": "claudia.de.gomes.rodrigues7611@exemplo.com.br"}}, {"model": "aula.reporter", "pk": 95, "fields": {"name": "Natália Ferreira Barbosa", "cpf": "97066184904", "email": "natalia.ferreira.barbosa894@exemplo.com.br"}}, {"model": "aula.reporter", "pk": 96, "fields": {"name": "Helena das Souza Martins", "cpf": "96097389663", "email": "helena.das.souza.martins9350@exemplo.com.br"}}, {"model": "aula.reporter", "pk": 97, "fields": {"name": "Bruna Rocha Martins", "cpf": "85434606388", "email": "bruna.rocha.martins7918@exemplo.com.br"}}, {"model": "aula.reporter", "pk": 98, "fields": {"name": "Paulo Silva Lima", "cpf": "83035778400", "email": "paulo.silva.lima3670@exemplo.com.br"}}, {"model": "aula.reporter", "pk": 99, "fields": {"name": "Daniel dos Freitas Santos", "cpf": "53959566204", "email": "daniel.dos.freitas.santos2169@exemplo.com.br"}}, {"model": "aula.reporter", "pk": 100, "fields": {"name": "Thiago das Costa Nunes", "cpf": "68144173082", "email": "thiago.das.costa.nunes5139@exemplo.com.br"}}, {"model": "aula.magazine", "pk": 1, "fields": {"name": "IEEE Magazine • Lab 01", "edition": 1}}, {"model": "aula.magazine", "pk": 2, "fields": {"name": "Exame - Pro 02", "edition": 2}}, {"model": "aula.magazine", "pk": 3, "fields": {"name": "Superinteressante+ACM 03", "edition": 3}}, {"model": "aula.magazine", "pk": 4, "fields": {"name": "Redes de Computadores - Atual 04", "edition": 4}}, {"model": "aula.magazine", "pk": 5, "fields": {"name": "ERRC • Nexus 05", "edition": 5}}, {"model": "aula.magazine", "pk": 6, "fields": {"name": "CSBC+Brasil 06", "edition": 6}}, {"model": "aula.magazine", "pk": 7, "fields": {"name": "Computação+Pro 07", "edition": 7}}, {"model": "aula.magazine", "pk": 8, "fields": {"name": "Info • Edição Especial 08", "edition": 8}}, {"model": "aula.magazine", "pk": 9, "fields": {"name": "Networks • Digital 09", "edition": 9}}, {"model": "aula.magazine", "pk": 10, "fields": {"name": "IEEE Networks - Atual 10", "edition": 10}}, {"model": "aula.magazine", "pk": 11, "fields": {"name": "Science • IEEE 11", "edition": 11}}, {"model": "aula.magazine", "pk": 12, "fields": {"name": "IFRS Computação+Digital 12", "edition": 12}}, {"model": "aula.magazine", "pk": 13, "fields": {"name": "ACM Networks+Pro 13", "edition": 13}}, {"model": "aula.magazine", "pk": 14, "fields": {"name": "ACM Computing+IEEE 14", "edition": 14}}, {"model": "aula.magazine", "pk": 15, "fields": {"name": "National Geographic • Diário 15", "edition": 15}}, {"model": "aula.magazine", "pk": 16, "fields": {"name": "Wired • ACM 16", "edition": 16}}, {"model": "aula.magazine", "pk": 17, "fields": {"name": "MIT Technology Review • Conecta 17", "edition": 17}}, {"model": "aula.magazine", "pk": 18, "fields": {"name": "IEEE Spectrum - Atual 18", "edition": 18}}, {"model": "aula.magazine", "pk": 19, "fields": {"name": "PC World+Report 19", "edition": 19}}, {"model": "aula.magazine", "pk": 20, "fields": {"name": "Scientific American - Digital 20", "edition": 20}}, {"model": "aula.magazine", "pk": 21, "fields": {"name": "IEEE Magazine - Report 21", "edition": 21}}, {"model": "aula.magazine", "pk": 22, "fields": {"name": "Exame • Nexus 22", "edition": 22}}, {"model": "aula.magazine", "pk": 23, "fields": {"name": "Superinteressante+Edição Especial 23", "edition": 23}}, {"model": "aula.magazine", "pk": 24, "fields": {"name": "Redes de Computadores - ACM 24", "edition": 24}}, {"model": "aula.magazine", "pk": 25, "fields": {"name": "ERRC • Diário 25", "edition": 25}}, {"model": "aula.magazine", "pk": 26, "fields": {"name": "CSBC • Lab 26", "edition": 26}}, {"model": "aula.magazine", "pk": 27, "fields": {"name": "Computação+IEEE 27", "edition": 27}}, {"model": "aula.magazine", "pk": 28, "fields": {"name": "Info+Tech 28", "edition": 28}}, {"model": "aula.magazine", "pk": 29, "fields": {"name": "Networks - Insights 29", "edition": 29}}, {"model": "aula.magazine", "pk": 30, "fields": {"name": "IEEE Networks • Lab 30", "edition": 30}}, {"model": "aula.magazine", "pk": 31, "fields": {"name": "Science - Diário 31", "edition": 31}}, {"model": "aula.magazine", "pk": 32, "fields": {"name": "IFRS Computação - Report 32", "edition": 32}}, {"model": "aula.magazine", "pk": 33, "fields": {"name": "ACM Networks+Digital 33", "edition": 33}}, {"model": "aula.magazine", "pk": 34, "fields": {"name": "ACM Computing+IEEE 34", "edition": 34}}, {"model": "aula.magazine", "pk": 35, "fields": {"name": "National Geographic+Digital 35", "edition": 35}}, {"model": "aula.magazine", "pk": 36, "fields": {"name": "Wired • Brasil 36", "edition": 36}}, {"model": "aula.magazine", "pk": 37, "fields": {"name": "MIT Technology Review - Computer 37", "edition": 37}}, {"model": "aula.magazine", "pk": 38, "fields": {"name": "IEEE Spectrum+Report 38", "edition": 38}}, {"model": "aula.magazine", "pk": 39, "fields": {"name": "PC World - IEEE 39", "edition": 39}}, {"model": "aula.magazine", "pk": 40, "fields": {"name": "Scientific American - Computer 40", "edition": 40}}, {"model": "aula.magazine", "pk": 41, "fields": {"name": "IEEE Magazine - IEEE 41", "edition": 41}}, {"model": "aula.magazine", "pk": 42, "fields": {"name": "Exame • Report 42", "edition": 42}}, {"model": "aula.magazine", "pk": 43, "fields": {"name": "Superinteressante - Lab 43", "edition": 43}}, {"model": "aula.magazine", "pk": 44, "fields": {"name": "Redes de Computadores+Nexus 44", "edition": 44}}, {"model": "aula.magazine", "pk": 45, "fields": {"name": "ERRC+Nexus 45", "edition": 45}}, {"model": "aula.magazine", "pk": 46, "fields": {"name": "CSBC+Digital 46", "edition": 46}}, {"model": "aula.magazine", "pk": 47, "fields": {"name": "Computação - Tech 47", "edition": 47}}, {"model": "aula.magazine", "pk": 48, "fields": {"name": "Info - Conecta 48", "edition": 48}}, {"model": "aula.magazine", "pk": 49, "fields": {"name": "Networks • Atual 49", "edition": 49}}, {"model": "aula.magazine", "pk": 50, "fields": {"name": "IEEE Networks+Pro 50", "edition": 50}}, {"model": "aula.magazine", "pk": 51, "fields": {"name": "Science - Conecta 51", "edition": 51}}, {"model": "aula.magazine", "pk": 52, "fields": {"name": "IFRS Computação+IEEE 52", "edition": 52}}, {"model": "aula.magazine", "pk": 53, "fields": {"name": "ACM Networks - Tech 53", "edition": 53}}, {"model": "aula.magazine", "pk": 54, "fields": {"name": "ACM Computing • Nexus 54", "edition": 54}}, {"model": "aula.magazine", "pk": 55, "fields": {"name": "National Geographic • Atual 55", "edition": 55}}, {"model": "aula.magazine", "pk": 56, "fields": {"name": "Wired - Edição Especial 56", "edition": 56}}, {"model": "aula.magazine", "pk": 57, "fields": {"name": "MIT Technology Review - Pro 57", "edition": 57}}, {"model": "aula.magazine", "pk": 58, "fields": {"name": "IEEE Spectrum+Tech 58", "edition": 58}}, {"model": "aula.magazine", "pk": 59, "fields": {"name": "PC World - Tech 59", "edition": 59}}, {"model": "aula.magazine", "pk": 60, "fields": {"name": "Scientific American - Brasil 60", "edition": 60}}, {"model": "aula.magazine", "pk": 61, "fields": {"name": "IEEE Magazine+Atual 61", "edition": 61}}, {"model": "aula.magazine", "pk": 62, "fields": {"name": "Exame • Nexus 62", "edition": 62}}, {"model": "aula.magazine", "pk": 63, "fields": {"name": "Superinteressante - Pro 63", "edition": 63}}, {"model": "aula.magazine", "pk": 64, "fields": {"name": "Redes de Computadores+Edição Especial 64", "edition": 64}}, {"model": "aula.magazine", "pk": 65, "fields": {"name": "ERRC - Insights 65", "edition": 65}}, {"model": "aula.magazine", "pk": 66, "fields": {"name": "CSBC - Tech 66", "edition": 66}}, {"model": "aula.magazine", "pk": 67, "fields": {"name": "Computação+Edição Especial 67", "edition": 67}}, {"model": "aula.magazine", "pk": 68, "fields": {"name": "Info+ACM 68", "edition": 68}}, {"model": "aula.magazine", "pk": 69, "fields": {"name": "Networks • Lab 69", "edition": 69}}, {"model": "aula.magazine", "pk": 70, "fields": {"name": "IEEE Networks • Edição Especial 70", "edition": 70}}, {"model": "aula.magazine", "pk": 71, "fields": {"name": "Science • IEEE 71", "edition": 71}}, {"model": "aula.magazine", "pk": 72, "fields": {"name": "IFRS Computação - Digital 72", "edition": 72}}, {"model": "aula.magazine", "pk": 73, "fields": {"name": "ACM Networks - Pro 73", "edition": 73}}, {"model": "aula.magazine", "pk": 74, "fields": {"name": "ACM Computing • Report 74", "edition": 74}}, {"model": "aula.magazine", "pk": 75, "fields": {"name": "National Geographic - Nexus 75", "edition": 75}}, {"model": "aula.magazine", "pk": 76, "fields": {"name": "Wired • ACM 76", "edition": 76}}, {"model": "aula.magazine", "pk": 77, "fields": {"name": "MIT Technology Review+Pro 77", "edition": 77}}, {"model": "aula.magazine", "pk": 78, "fields": {"name": "IEEE Spectrum • Conecta 78", "edition": 78}}, {"model": "aula.magazine", "pk": 79, "fields": {"name": "PC World • Diário 79", "edition": 79}}, {"model": "aula.magazine", "pk": 80, "fields": {"name": "Scientific American • Nexus 80", "edition": 80}}, {"model": "aula.magazine", "pk": 81, "fields": {"name": "IEEE Magazine+Nexus 81", "edition": 81}}, {"model": "aula.magazine", "pk": 82, "fields": {"name": "Exame+IEEE 82", "edition": 82}}, {"model": "aula.magazine", "pk": 83, "fields": {"name": "Superinteressante - IEEE 83", "edition": 83}}, {"model": "aula.magazine", "pk": 84, "fields": {"name": "Redes de Computadores+Digital 84", "edition": 84}}, {"model": "aula.magazine", "pk": 85, "fields": {"name": "ERRC • Atual 85", "edition": 85}}, {"model": "aula.magazine", "pk": 86, "fields": {"name": "CSBC+ACM 86", "edition": 86}}, {"model": "aula.magazine", "pk": 87, "fields": {"name": "Computação+Lab 87", "edition": 87}}, {"model": "aula.magazine", "pk": 88, "fields": {"name": "Info - Computer 88", "edition": 88}}, {"model": "aula.magazine", "pk": 89, "fields": {"name": "Networks+Insights 89", "edition": 89}}, {"model": "aula.magazine", "pk": 90, "fields": {"name": "IEEE Networks+Tech 90", "edition": 90}}, {"model": "aula.magazine", "pk": 91, "fields": {"name": "Science - Report 91", "edition": 91}}, {"model": "aula.magazine", "pk": 92, "fields": {"name": "IFRS Computação - Tech 92", "edition": 92}}, {"model": "aula.magazine", "pk": 93, "fields": {"name": "ACM Networks • Report 93", "edition": 93}}, {"model": "aula.magazine", "pk": 94, "fields": {"name": "ACM Computing+Computer 94", "edition": 94}}, {"model": "aula.magazine", "pk": 95, "fields": {"name": "National Geographic - ACM 95", "edition": 95}}, {"model": "aula.magazine", "pk": 96, "fields": {"name": "Wired+IEEE 96", "edition": 96}}, {"model": "aula.magazine", "pk": 97, "fields": {"name": "MIT Technology Review - Atual 97", "edition": 97}}, {"model": "aula.magazine", "pk": 98, "fields": {"name": "IEEE Spectrum - Nexus 98", "edition": 98}}, {"model": "aula.magazine", "pk": 99, "fields": {"name": "PC World+Pro 99", "edition": 99}}, {"model": "aula.magazine", "pk": 100, "fields": {"name": "Scientific American - Digital 100", "edition": 100}}, {"model": "aula.article", "pk": 1, "fields": {"title": "Boas práticas: Arquitetura de software: monólito vs microserviços", "pub_date": "2026-01-26", "reporter": 39, "magazines": [6]}}, {"model": "aula.article", "pk": 2, "fields": {"title": "Boas práticas: Computação distribuída e consistência", "pub_date": "2026-02-20", "reporter": 33, "magazines": [50, 61, 83]}}, {"model": "aula.article", "pk": 3, "fields": {"title": "Artigo 03: Testes automatizados: unitários e integração", "pub_date": "2026-12-02", "reporter": 66, "magazines": [45, 66]}}, {"model": "aula.article", "pk": 4, "fields": {"title": "Boas práticas: SQL e ORM: quando usar cada um", "pub_date": "2026-03-31", "reporter": 69, "magazines": [35]}}, {"model": "aula.article", "pk": 5, "fields": {"title": "Artigo 05: Boas práticas de migrações e migrations squashing", "pub_date": "2026-07-30", "reporter": 74, "magazines": [35, 48, 67, 78]}}, {"model": "aula.article", "pk": 6, "fields": {"title": "Artigo 06: Sistemas operacionais: processos e concorrência", "pub_date": "2026-04-05", "reporter": 49, "magazines": [26, 59]}}, {"model": "aula.article", "pk": 7, "fields": {"title": "Checklist 07 para Boas práticas de migrações e migrations squashing", "pub_date": "2026-02-15", "reporter": 58, "magazines": [43, 81]}}, {"model": "aula.article", "pk": 8, "fields": {"title": "Artigo 08: IA generativa: aplicações e limitações", "pub_date": "2026-01-21", "reporter": 85, "magazines": [84]}}, {"model": "aula.article", "pk": 9, "fields": {"title": "Artigo 09: Python 3: desempenho, profiling e otimização", "pub_date": "2026-11-04", "reporter": 62, "magazines": [53, 67]}}, {"model": "aula.article", "pk": 10, "fields": {"title": "Mensageria: filas, eventos e streams — erros comuns e como evitar", "pub_date": "2026-12-13", "reporter": 68, "magazines": [5, 64, 98]}}, {"model": "aula.article", "pk": 11, "fields": {"title": "Boas práticas: Sistemas operacionais: processos e concorrência", "pub_date": "2026-04-05", "reporter": 8, "magazines": [60, 63, 72]}}, {"model": "aula.article", "pk": 12, "fields": {"title": "Checklist 12 para Mensageria: filas, eventos e streams", "pub_date": "2026-04-13", "reporter": 79, "magazines": [1, 74]}}, {"model": "aula.article", "pk": 13, "fields": {"title": "Como aplicar SQL e ORM: quando usar cada um em projetos reais", "pub_date": "2026-04-21", "reporter": 3, "magazines": [35, 68, 71, 91]}}, {"model": "aula.article", "pk": 14, "fields": {"title": "Checklist 14 para Cache e performance: Redis na prática", "pub_date": "2026-05-31", "reporter": 62, "magazines": [22, 36]}}, {"model": "aula.article", "pk": 15, "fields": {"title": "Checklist 15 para Mensageria: filas, eventos e streams", "pub_date": "2025-12-17", "reporter": 59, "magazines": [19, 59, 72, 77]}}, {"model": "aula.article", "pk": 16, "fields": {"title": "Artigo 16: Engenharia de requisitos e rastreabilidade", "pub_date": "2026-03-20", "reporter": 62, "magazines": [1, 86]}}, {"model": "aula.article", "pk": 17, "fields": {"title": "Como aplicar Cache e performance: Redis na prática em projetos reais", "pub_date": "2026-12-08", "reporter": 40, "magazines": [16, 17, 69, 85]}}, {"model": "aula.article", "pk": 18, "fields": {"title": "Cache e performance: Redis na prática — erros comuns e como evitar", "pub_date": "2026-02-23", "reporter": 18, "magazines": [36, 81, 95]}}, {"model": "aula.article", "pk": 19, "fields": {"title": "Python 3: desempenho, profiling e otimização — erros comuns e como evitar", "pub_date": "2026-12-04", "reporter": 24, "magazines": [7, 22, 33]}}, {"model": "aula.article", "pk": 20, "fields": {"title": "Boas práticas: Cache e performance: Redis na prática", "pub_date": "2026-11-14", "reporter": 86, "magazines": [43, 69]}}, {"model": "aula.article", "pk": 21, "fields": {"title": "Boas práticas: CI/CD e automação de deploy", "pub_date": "2026-02-08", "reporter": 51, "magazines": [36, 66, 95]}}, {"model": "aula.article", "pk": 22, "fields": {"title": "Mensageria: filas, eventos e streams — erros comuns e como evitar", "pub_date": "2026-03-21", "reporter": 50, "magazines": [10, 15, 77]}}, {"model": "aula.article", "pk": 23, "fields": {"title": "Checklist 23 para Banco de dados: índices, planos e cardinalidade", "pub_date": "2026-02-04", "reporter": 85, "magazines": [2, 86, 93]}}, {"model": "aula.article", "pk": 24, "fields": {"title": "Checklist 24 para Arquitetura de software: monólito vs microserviços", "pub_date": "2025-12-30", "reporter": 86, "magazines": [47]}}, {"model": "aula.article", "pk": 25, "fields": {"title": "Como aplicar Autenticação com Token no DRF em projetos reais", "pub_date": "2026-02-04", "reporter": 4, "magazines": [2, 12, 39]}}, {"model": "aula.article", "pk": 26, "fields": {"title": "Checklist 26 para Estruturas de dados para aplicações web", "pub_date": "2026-06-09", "reporter": 27, "magazines": [1, 25, 69, 93]}}, {"model": "aula.article", "pk": 27, "fields": {"title": "Checklist 27 para Estruturas de dados para aplicações web", "pub_date": "2026-11-23", "reporter": 57, "magazines": [74, 96, 99]}}, {"model": "aula.article", "pk": 28, "fields": {"title": "Como aplicar Padrões de projeto em Python em projetos reais", "pub_date": "2026-04-28", "reporter": 94, "magazines": [22]}}, {"model": "aula.article", "pk": 29, "fields": {"title": "Checklist 29 para Observabilidade: logs, métricas e tracing", "pub_date": "2026-11-20", "reporter": 38, "magazines": [3, 11, 58, 64]}}, {"model": "aula.article", "pk": 30, "fields": {"title": "Como aplicar Field lookups avançados no Django em projetos reais", "pub_date": "2026-05-07", "reporter": 27, "magazines": [42, 79]}}, {"model": "aula.article", "pk": 31, "fields": {"title": "Boas práticas: SQL e ORM: quando usar cada um", "pub_date": "2026-01-23", "reporter": 84, "magazines": [75]}}, {"model": "aula.article", "pk": 32, "fields": {"title": "Checklist 32 para Cloud e containers: Docker e Kubernetes", "pub_date": "2026-10-09", "reporter": 57, "magazines": [24, 62, 67]}}, {"model": "aula.article", "pk": 33, "fields": {"title": "Checklist 33 para Redes e Internet: roteamento e latência", "pub_date": "2026-11-26", "reporter": 58, "magazines": [18, 29, 32, 80]}}, {"model": "aula.article", "pk": 34, "fields": {"title": "Boas práticas: Testes automatizados: unitários e integração", "pub_date": "2026-10-29", "reporter": 67, "magazines": [89]}}, {"model": "aula.article", "pk": 35, "fields": {"title": "Artigo 35: Autenticação com Token no DRF", "pub_date": "2026-07-27", "reporter": 2, "magazines": [46, 56, 67]}}, {"model": "aula.article", "pk": 36, "fields": {"title": "Checklist 36 para Banco de dados: índices, planos e cardinalidade", "pub_date": "2026-03-23", "reporter": 57, "magazines": [9, 35, 71]}}, {"model": "aula.article", "pk": 37, "fields": {"title": "Observabilidade: logs, métricas e tracing — erros comuns e como evitar", "pub_date": "2026-07-30", "reporter": 74, "magazines": [13, 48, 49, 60]}}, {"model": "aula.article", "pk": 38, "fields": {"title": "Checklist 38 para Machine Learning em produção: MLOps", "pub_date": "2026-04-11", "reporter": 14, "magazines": [29]}}, {"model": "aula.article", "pk": 39, "fields": {"title": "Artigo 39: Mensageria: filas, eventos e streams", "pub_date": "2026-06-07", "reporter": 97, "magazines": [17]}}, {"model": "aula.article", "pk": 40, "fields": {"title": "Checklist 40 para Compiladores e otimização de código", "pub_date": "2026-10-13", "reporter": 51, "magazines": [81, 85]}}, {"model": "aula.article", "pk": 41, "fields": {"title": "Sistemas operacionais: processos e concorrência — erros comuns e como evitar", "pub_date": "2026-01-25", "reporter": 50, "magazines": [79]}}, {"model": "aula.article", "pk": 42, "fields": {"title": "Como aplicar Padrões de projeto em Python em projetos reais", "pub_date": "2026-10-21", "reporter": 98, "magazines": [8, 18, 58, 74]}}, {"model": "aula.article", "pk": 43, "fields": {"title": "Boas práticas: Computação distribuída e consistência", "pub_date": "2026-09-22", "reporter": 73, "magazines": [29, 63, 96]}}, {"model": "aula.article", "pk": 44, "fields": {"title": "Boas práticas: SQL e ORM: quando usar cada um", "pub_date": "2026-06-20", "reporter": 57, "magazines": [5, 11, 20, 75]}}, {"model": "aula.article", "pk": 45, "fields": {"title": "Artigo 45: Mensageria: filas, eventos e streams", "pub_date": "2026-10-25", "reporter": 4, "magazines": [6, 21, 24, 33]}}, {"model": "aula.article", "pk": 46, "fields": {"title": "Como aplicar Model inheritance e abstract base models em projetos reais", "pub_date": "2026-03-15", "reporter": 90, "magazines": [41, 71]}}, {"model": "aula.article", "pk": 47, "fields": {"title": "Como aplicar Redes e Internet: roteamento e latência em projetos reais", "pub_date": "2026-06-11", "reporter": 22, "magazines": [18]}}, {"model": "aula.article", "pk": 48, "fields": {"title": "Como aplicar Banco de dados: índices, planos e cardinalidade em projetos reais", "pub_date": "2026-12-09", "reporter": 5, "magazines": [52, 83]}}, {"model": "aula.article", "pk": 49, "fields": {"title": "Checklist 49 para Sistemas operacionais: processos e concorrência", "pub_date": "2026-07-16", "reporter": 52, "magazines": [42]}}, {"model": "aula.article", "pk": 50, "fields": {"title": "Banco de dados: índices, planos e cardinalidade — erros comuns e como evitar", "pub_date": "2026-06-09", "reporter": 47, "magazines": [45, 54, 63]}}, {"model": "aula.article", "pk": 51, "fields": {"title": "Boas práticas: Segurança em APIs REST: OWASP e mitigação", "pub_date": "2026-11-10", "reporter": 20, "magazines": [60, 88]}}, {"model": "aula.article", "pk": 52, "fields": {"title": "Como aplicar Field lookups avançados no Django em projetos reais", "pub_date": "2026-04-14", "reporter": 94, "magazines": [19, 50, 93, 95]}}, {"model": "aula.article", "pk": 53, "fields": {"title": "Boas práticas: Mensageria: filas, eventos e streams", "pub_date": "2026-02-11", "reporter": 50, "magazines": [26, 32, 36, 50]}}, {"model": "aula.article", "pk": 54, "fields": {"title": "Checklist 54 para Segurança em APIs REST: OWASP e mitigação", "pub_date": "2026-02-28", "reporter": 67, "magazines": [5, 23, 42, 68]}}, {"model": "aula.article", "pk": 55, "fields": {"title": "Como aplicar Padrões de projeto em Python em projetos reais", "pub_date": "2026-07-07", "reporter": 63, "magazines": [21, 29, 72]}}, {"model": "aula.article", "pk": 56, "fields": {"title": "Artigo 56: Redes e Internet: roteamento e latência", "pub_date": "2026-12-04", "reporter": 37, "magazines": [4, 13, 87]}}, {"model": "aula.article", "pk": 57, "fields": {"title": "Artigo 57: Python 3: desempenho, profiling e otimização", "pub_date": "2026-05-26", "reporter": 91, "magazines": [2, 20, 39, 60]}}, {"model": "aula.article", "pk": 58, "fields": {"title": "Artigo 58: Testes automatizados: unitários e integração", "pub_date": "2026-07-25", "reporter": 93, "magazines": [2, 61, 71, 92]}}, {"model": "aula.article", "pk": 59, "fields": {"title": "IA generativa: aplicações e limitações — erros comuns e como evitar", "pub_date": "2026-06-17", "reporter": 32, "magazines": [13, 32, 52, 91]}}, {"model": "aula.article", "pk": 60, "fields": {"title": "Checklist 60 para Observabilidade: logs, métricas e tracing", "pub_date": "2026-01-12", "reporter": 18, "magazines": [39, 75, 77, 100]}}, {"model": "aula.article", "pk": 61, "fields": {"title": "Artigo 61: Cloud e containers: Docker e Kubernetes", "pub_date": "2026-11-09", "reporter": 97, "magazines": [14, 41]}}, {"model": "aula.article", "pk": 62, "fields": {"title": "Artigo 62: Computação distribuída e consistência", "pub_date": "2026-08-11", "reporter": 49, "magazines": [1, 14, 80]}}, {"model": "aula.article", "pk": 63, "fields": {"title": "Privacidade e LGPD em sistemas — erros comuns e como evitar", "pub_date": "2026-11-02", "reporter": 39, "magazines": [100]}}, {"model": "aula.article", "pk": 64, "fields": {"title": "Como aplicar Django ORM e otimização de consultas em projetos reais", "pub_date": "2026-10-01", "reporter": 35, "magazines": [7, 16]}}, {"model": "aula.article", "pk": 65, "fields": {"title": "Como aplicar Field lookups avançados no Django em projetos reais", "pub_date": "2026-01-26", "reporter": 3, "magazines": [54, 65]}}, {"model": "aula.article", "pk": 66, "fields": {"title": "Cloud e containers: Docker e Kubernetes — erros comuns e como evitar", "pub_date": "2026-03-06", "reporter": 33, "magazines": [37]}}, {"model": "aula.article", "pk": 67, "fields": {"title": "Boas práticas: Boas práticas de migrações e migrations squashing", "pub_date": "2026-05-26", "reporter": 34, "magazines": [28, 29, 36, 72]}}, {"model": "aula.article", "pk": 68, "fields": {"title": "Checklist 68 para Field lookups avançados no Django", "pub_date": "2026-06-28", "reporter": 22, "magazines": [95]}}, {"model": "aula.article", "pk": 69, "fields": {"title": "Como aplicar Banco de dados: índices, planos e cardinalidade em projetos reais", "pub_date": "2026-10-12", "reporter": 70, "magazines": [18, 39, 100]}}, {"model": "aula.article", "pk": 70, "fields": {"title": "Sistemas operacionais: processos e concorrência — erros comuns e como evitar", "pub_date": "2026-01-04", "reporter": 17, "magazines": [17, 33, 45]}}, {"model": "aula.article", "pk": 71, "fields": {"title": "Artigo 71: Boas práticas de migrações e migrations squashing", "pub_date": "2026-07-05", "reporter": 32, "magazines": [45, 51, 73, 94]}}, {"model": "aula.article", "pk": 72, "fields": {"title": "Boas práticas: Estruturas de dados para aplicações web", "pub_date": "2026-10-30", "reporter": 85, "magazines": [33]}}, {"model": "aula.article", "pk": 73, "fields": {"title": "Artigo 73: Compiladores e otimização de código", "pub_date": "2026-07-17", "reporter": 71, "magazines": [46, 51, 75]}}, {"model": "aula.article", "pk": 74, "fields": {"title": "Artigo 74: Arquitetura de software: monólito vs microserviços", "pub_date": "2026-12-09", "reporter": 89, "magazines": [14, 49, 54, 56]}}, {"model": "aula.article", "pk": 75, "fields": {"title": "Artigo 75: Testes automatizados: unitários e integração", "pub_date": "2026-02-26", "reporter": 53, "magazines": [52, 60, 99]}}, {"model": "aula.article", "pk": 76, "fields": {"title": "Sistemas operacionais: processos e concorrência — erros comuns e como evitar", "pub_date": "2026-09-13", "reporter": 3, "magazines": [56, 61]}}, {"model": "aula.article", "pk": 77, "fields": {"title": "Como aplicar Field lookups avançados no Django em projetos reais", "pub_date": "2026-03-20", "reporter": 1, "magazines": [67]}}, {"model": "aula.article", "pk": 78, "fields": {"title": "Python 3: desempenho, profiling e otimização — erros comuns e como evitar", "pub_date": "2026-09-22", "reporter": 36, "magazines": [69]}}, {"model": "aula.article", "pk": 79, "fields": {"title": "Padrões de projeto em Python — erros comuns e como evitar", "pub_date": "2026-05-28", "reporter": 88, "magazines": [51, 82, 92]}}, {"model": "aula.article", "pk": 80, "fields": {"title": "Artigo 80: Observabilidade: logs, métricas e tracing", "pub_date": "2026-12-07", "reporter": 42, "magazines": [3, 65]}}, {"model": "aula.article", "pk": 81, "fields": {"title": "Boas práticas: Django ORM e otimização de consultas", "pub_date": "2026-10-18", "reporter": 93, "magazines": [14]}}, {"model": "aula.article", "pk": 82, "fields": {"title": "Machine Learning em produção: MLOps — erros comuns e como evitar", "pub_date": "2026-11-18", "reporter": 41, "magazines": [27, 45, 66]}}, {"model": "aula.article", "pk": 83, "fields": {"title": "Artigo 83: Segurança em APIs REST: OWASP e mitigação", "pub_date": "2026-02-14", "reporter": 17, "magazines": [3, 55, 80, 95]}}, {"model": "aula.article", "pk": 84, "fields": {"title": "Como aplicar Python 3: desempenho, profiling e otimização em projetos reais", "pub_date": "2026-07-30", "reporter": 27, "magazines": [22]}}, {"model": "aula.article", "pk": 85, "fields": {"title": "Checklist 85 para Machine Learning em produção: MLOps", "pub_date": "2025-12-27", "reporter": 66, "magazines": [20, 35, 47, 59]}}, {"model": "aula.article", "pk": 86, "fields": {"title": "Boas práticas: Autenticação com Token no DRF", "pub_date": "2026-02-02", "reporter": 19, "magazines": [63]}}, {"model": "aula.article", "pk": 87, "fields": {"title": "Como aplicar Cache e performance: Redis na prática em projetos reais", "pub_date": "2026-08-04", "reporter": 10, "magazines": [7, 8, 22]}}, {"model": "aula.article", "pk": 88, "fields": {"title": "Artigo 88: Boas práticas de migrações e migrations squashing", "pub_date": "2026-01-08", "reporter": 23, "magazines": [15, 37, 47, 82]}}, {"model": "aula.article", "pk": 89, "fields": {"title": "Checklist 89 para Redes e Internet: roteamento e latência", "pub_date": "2026-05-15", "reporter": 100, "magazines": [19, 38, 61, 94]}}, {"model": "aula.article", "pk": 90, "fields": {"title": "Como aplicar Machine Learning em produção: MLOps em projetos reais", "pub_date": "2026-01-19", "reporter": 17, "magazines": [10, 28, 60, 65]}}, {"model": "aula.article", "pk": 91, "fields": {"title": "Computação distribuída e consistência — erros comuns e como evitar", "pub_date": "2026-10-14", "reporter": 39, "magazines": [60, 85, 94]}}, {"model": "aula.article", "pk": 92, "fields": {"title": "Como aplicar Arquitetura de software: monólito vs microserviços em projetos reais", "pub_date": "2026-10-10", "reporter": 32, "magazines": [25]}}, {"model": "aula.article", "pk": 93, "fields": {"title": "Boas práticas: Cache e performance: Redis na prática", "pub_date": "2026-01-02", "reporter": 41, "magazines": [62]}}, {"model": "aula.article", "pk": 94, "fields": {"title": "Redes e Internet: roteamento e latência — erros comuns e como evitar", "pub_date": "2026-12-09", "reporter": 74, "magazines": [10, 30, 66]}}, {"model": "aula.article", "pk": 95, "fields": {"title": "Boas práticas: Segurança em APIs REST: OWASP e mitigação", "pub_date": "2026-04-06", "reporter": 13, "magazines": [35, 42, 51, 63]}}, {"model": "aula.article", "pk": 96, "fields": {"title": "Criptografia aplicada: hashing, salts e KDFs — erros comuns e como evitar", "pub_date": "2026-02-16", "reporter": 73, "magazines": [8, 16, 56, 88]}}, {"model": "aula.article", "pk": 97, "fields": {"title": "Checklist 97 para Testes automatizados: unitários e integração", "pub_date": "2026-10-16", "reporter": 76, "magazines": [8, 50, 74]}}, {"model": "aula.article", "pk": 98, "fields": {"title": "Model inheritance e abstract base models — erros comuns e como evitar", "pub_date": "2026-10-15", "reporter": 6, "magazines": [35]}}, {"model": "aula.article", "pk": 99, "fields": {"title": "Artigo 99: Python 3: desempenho, profiling e otimização", "pub_date": "2026-03-19", "reporter": 36, "magazines": [99]}}, {"model": "aula.article", "pk": 100, "fields": {"title": "Artigo 100: Boas práticas de migrações e migrations squashing", "pub_date": "2025-12-20", "reporter": 19, "magazines": [4, 66]}}, {"model": "aula.paper", "pk": 1, "fields": {"title": "Estudo de caso 01 sobre Arquitetura de software: monólito vs microserviços", "pub_date": "2026-05-07", "reporter": 22}}, {"model": "aula.paper", "pk": 2, "fields": {"title": "Guia prático 02 — CI/CD e automação de deploy", "pub_date": "2026-09-06", "reporter": 1}}, {"model": "aula.paper", "pk": 3, "fields": {"title": "Relatório 03: Privacidade e LGPD em sistemas", "pub_date": "2026-09-19", "reporter": 82}}, {"model": "aula.paper", "pk": 4, "fields": {"title": "Especial 04: Machine Learning em produção: MLOps", "pub_date": "2026-03-24", "reporter": 90}}, {"model": "aula.paper", "pk": 5, "fields": {"title": "Especial 05: Autenticação com Token no DRF", "pub_date": "2026-03-14", "reporter": 69}}, {"model": "aula.paper", "pk": 6, "fields": {"title": "Especial 06: Sistemas operacionais: processos e concorrência", "pub_date": "2026-05-17", "reporter": 10}}, {"model": "aula.paper", "pk": 7, "fields": {"title": "Relatório 07: Machine Learning em produção: MLOps", "pub_date": "2026-01-02", "reporter": 52}}, {"model": "aula.paper", "pk": 8, "fields": {"title": "Guia prático 08 — SQL e ORM: quando usar cada um", "pub_date": "2026-05-13", "reporter": 52}}, {"model": "aula.paper", "pk": 9, "fields": {"title": "Estudo de caso 09 sobre Model inheritance e abstract base models", "pub_date": "2026-10-08", "reporter": 52}}, {"model": "aula.paper", "pk": 10, "fields": {"title": "Guia prático 10 — Banco de dados: índices, planos e cardinalidade", "pub_date": "2025-12-17", "reporter": 36}}, {"model": "aula.paper", "pk": 11, "fields": {"title": "Segurança em APIs REST: OWASP e mitigação: lições de Brasília", "pub_date": "2026-07-29", "reporter": 40}}, {"model": "aula.paper", "pk": 12, "fields": {"title": "Especial 12: Banco de dados: índices, planos e cardinalidade", "pub_date": "2026-06-02", "reporter": 32}}, {"model": "aula.paper", "pk": 13, "fields": {"title": "Computação distribuída e consistência: lições de São Paulo", "pub_date": "2026-04-25", "reporter": 72}}, {"model": "aula.paper", "pk": 14, "fields": {"title": "Testes automatizados: unitários e integração: lições de Fortaleza", "pub_date": "2026-03-11", "reporter": 15}}, {"model": "aula.paper", "pk": 15, "fields": {"title": "IA generativa: aplicações e limitações: lições de São Paulo", "pub_date": "2026-07-08", "reporter": 1}}, {"model": "aula.paper", "pk": 16, "fields": {"title": "Especial 16: Field lookups avançados no Django", "pub_date": "2026-08-18", "reporter": 12}}, {"model": "aula.paper", "pk": 17, "fields": {"title": "Relatório 17: Redes e Internet: roteamento e latência", "pub_date": "2026-04-07", "reporter": 76}}, {"model": "aula.paper", "pk": 18, "fields": {"title": "Guia prático 18 — Computação distribuída e consistência", "pub_date": "2026-10-27", "reporter": 4}}, {"model": "aula.paper", "pk": 19, "fields": {"title": "Especial 19: Redes e Internet: roteamento e latência", "pub_date": "2026-09-24", "reporter": 47}}, {"model": "aula.paper", "pk": 20, "fields": {"title": "Guia prático 20 — Cloud e containers: Docker e Kubernetes", "pub_date": "2026-11-28", "reporter": 88}}, {"model": "aula.paper", "pk": 21, "fields": {"title": "Guia prático 21 — Computação distribuída e consistência", "pub_date": "2026-05-01", "reporter": 96}}, {"model": "aula.paper", "pk": 22, "fields": {"title": "Sistemas operacionais: processos e concorrência: lições de Recife", "pub_date": "2026-10-02", "reporter": 83}}, {"model": "aula.paper", "pk": 23, "fields": {"title": "Estudo de caso 23 sobre Padrões de projeto em Python", "pub_date": "2026-08-26", "reporter": 3}}, {"model": "aula.paper", "pk": 24, "fields": {"title": "Estudo de caso 24 sobre Arquitetura de software: monólito vs microserviços", "pub_date": "2026-06-19", "reporter": 34}}, {"model": "aula.paper", "pk": 25, "fields": {"title": "Estudo de caso 25 sobre Boas práticas de migrações e migrations squashing", "pub_date": "2026-04-29", "reporter": 40}}, {"model": "aula.paper", "pk": 26, "fields": {"title": "Estudo de caso 26 sobre Autenticação com Token no DRF", "pub_date": "2026-07-25", "reporter": 28}}, {"model": "aula.paper", "pk": 27, "fields": {"title": "Estudo de caso 27 sobre Criptografia aplicada: hashing, salts e KDFs", "pub_date": "2026-07-15", "reporter": 42}}, {"model": "aula.paper", "pk": 28, "fields": {"title": "Relatório 28: Sistemas operacionais: processos e concorrência", "pub_date": "2026-01-20", "reporter": 8}}, {"model": "aula.paper", "pk": 29, "fields": {"title": "Relatório 29: Django ORM e otimização de consultas", "pub_date": "2026-09-13", "reporter": 54}}, {"model": "aula.paper", "pk": 30, "fields": {"title": "Especial 30: Segurança em APIs REST: OWASP e mitigação", "pub_date": "2026-03-28", "reporter": 82}}, {"model": "aula.paper", "pk": 31, "fields": {"title": "Especial 31: Gerenciadores personalizados e QuerySets", "pub_date": "2026-03-13", "reporter": 57}}, {"model": "aula.paper", "pk": 32, "fields": {"title": "Especial 32: Compiladores e otimização de código", "pub_date": "2026-04-25", "reporter": 34}}, {"model": "aula.paper", "pk": 33, "fields": {"title": "Especial 33: Django ORM e otimização de consultas", "pub_date": "2025-12-26", "reporter": 25}}, {"model": "aula.paper", "pk": 34, "fields": {"title": "Especial 34: Privacidade e LGPD em sistemas", "pub_date": "2026-11-06", "reporter": 24}}, {"model": "aula.paper", "pk": 35, "fields": {"title": "Estudo de caso 35 sobre Privacidade e LGPD em sistemas", "pub_date": "2026-11-27", "reporter": 100}}, {"model": "aula.paper", "pk": 36, "fields": {"title": "Relatório 36: Gerenciadores personalizados e QuerySets", "pub_date": "2026-12-10", "reporter": 2}}, {"model": "aula.paper", "pk": 37, "fields": {"title": "Estudo de caso 37 sobre Testes automatizados: unitários e integração", "pub_date": "2026-03-27", "reporter": 15}}, {"model": "aula.paper", "pk": 38, "fields": {"title": "Guia prático 38 — Criptografia aplicada: hashing, salts e KDFs", "pub_date": "2026-09-11", "reporter": 74}}, {"model": "aula.paper", "pk": 39, "fields": {"title": "Guia prático 39 — Machine Learning em produção: MLOps", "pub_date": "2026-03-06", "reporter": 58}}, {"model": "aula.paper", "pk": 40, "fields": {"title": "Guia prático 40 — Boas práticas de migrações e migrations squashing", "pub_date": "2026-04-22", "reporter": 72}}, {"model": "aula.paper", "pk": 41, "fields": {"title": "Guia prático 41 — Django ORM e otimização de consultas", "pub_date": "2026-09-13", "reporter": 40}}, {"model": "aula.paper", "pk": 42, "fields": {"title": "Relatório 42: Segurança em APIs REST: OWASP e mitigação", "pub_date": "2026-12-14", "reporter": 56}}, {"model": "aula.paper", "pk": 43, "fields": {"title": "Relatório 43: Django ORM e otimização de consultas", "pub_date": "2026-11-06", "reporter": 25}}, {"model": "aula.paper", "pk": 44, "fields": {"title": "Testes automatizados: unitários e integração: lições de Brasília", "pub_date": "2026-06-10", "reporter": 40}}, {"model": "aula.paper", "pk": 45, "fields": {"title": "Guia prático 45 — Boas práticas de migrações e migrations squashing", "pub_date": "2026-01-13", "reporter": 81}}, {"model": "aula.paper", "pk": 46, "fields": {"title": "Cache e performance: Redis na prática: lições de Curitiba", "pub_date": "2026-03-20", "reporter": 37}}, {"model": "aula.paper", "pk": 47, "fields": {"title": "Relatório 47: Privacidade e LGPD em sistemas", "pub_date": "2026-11-19", "reporter": 45}}, {"model": "aula.paper", "pk": 48, "fields": {"title": "Relatório 48: Sistemas operacionais: processos e concorrência", "pub_date": "2026-12-03", "reporter": 25}}, {"model": "aula.paper", "pk": 49, "fields": {"title": "Compiladores e otimização de código: lições de São Paulo", "pub_date": "2026-06-20", "reporter": 41}}, {"model": "aula.paper", "pk": 50, "fields": {"title": "Guia prático 50 — Cloud e containers: Docker e Kubernetes", "pub_date": "2026-02-05", "reporter": 76}}, {"model": "aula.paper", "pk": 51, "fields": {"title": "Estudo de caso 51 sobre IA generativa: aplicações e limitações", "pub_date": "2026-05-19", "reporter": 71}}, {"model": "aula.paper", "pk": 52, "fields": {"title": "Relatório 52: Boas práticas de migrações e migrations squashing", "pub_date": "2026-10-10", "reporter": 39}}, {"model": "aula.paper", "pk": 53, "fields": {"title": "Relatório 53: Django ORM e otimização de consultas", "pub_date": "2026-05-27", "reporter": 91}}, {"model": "aula.paper", "pk": 54, "fields": {"title": "Relatório 54: Autenticação com Token no DRF", "pub_date": "2026-08-10", "reporter": 88}}, {"model": "aula.paper", "pk": 55, "fields": {"title": "Guia prático 55 — Autenticação com Token no DRF", "pub_date": "2026-06-23", "reporter": 48}}, {"model": "aula.paper", "pk": 56, "fields": {"title": "Guia prático 56 — CI/CD e automação de deploy", "pub_date": "2025-12-19", "reporter": 61}}, {"model": "aula.paper", "pk": 57, "fields": {"title": "Relatório 57: Boas práticas de migrações e migrations squashing", "pub_date": "2026-06-18", "reporter": 95}}, {"model": "aula.paper", "pk": 58, "fields": {"title": "Estudo de caso 58 sobre Cache e performance: Redis na prática", "pub_date": "2026-03-03", "reporter": 78}}, {"model": "aula.paper", "pk": 59, "fields": {"title": "Gerenciadores personalizados e QuerySets: lições de Curitiba", "pub_date": "2026-07-20", "reporter": 33}}, {"model": "aula.paper", "pk": 60, "fields": {"title": "Especial 60: Computação distribuída e consistência", "pub_date": "2026-10-21", "reporter": 72}}, {"model": "aula.paper", "pk": 61, "fields": {"title": "Guia prático 61 — Mensageria: filas, eventos e streams", "pub_date": "2026-07-19", "reporter": 26}}, {"model": "aula.paper", "pk": 62, "fields": {"title": "Estudo de caso 62 sobre Estruturas de dados para aplicações web", "pub_date": "2026-02-25", "reporter": 71}}, {"model": "aula.paper", "pk": 63, "fields": {"title": "Compiladores e otimização de código: lições de Recife", "pub_date": "2026-08-12", "reporter": 21}}, {"model": "aula.paper", "pk": 64, "fields": {"title": "Estudo de caso 64 sobre Boas práticas de migrações e migrations squashing", "pub_date": "2026-09-12", "reporter": 39}}, {"model": "aula.paper", "pk": 65, "fields": {"title": "Relatório 65: Model inheritance e abstract base models", "pub_date": "2026-09-13", "reporter": 24}}, {"model": "aula.paper", "pk": 66, "fields": {"title": "Estruturas de dados para aplicações web: lições de Recife", "pub_date": "2026-06-01", "reporter": 40}}, {"model": "aula.paper", "pk": 67, "fields": {"title": "Estudo de caso 67 sobre Machine Learning em produção: MLOps", "pub_date": "2026-10-16", "reporter": 65}}, {"model": "aula.paper", "pk": 68, "fields": {"title": "Estudo de caso 68 sobre Redes e Internet: roteamento e latência", "pub_date": "2026-07-01", "reporter": 42}}, {"model": "aula.paper", "pk": 69, "fields": {"title": "Guia prático 69 — Gerenciadores personalizados e QuerySets", "pub_date": "2026-10-22", "reporter": 88}}, {"model": "aula.paper", "pk": 70, "fields": {"title": "Relatório 70: Cache e performance: Redis na prática", "pub_date": "2026-06-22", "reporter": 83}}, {"model": "aula.paper", "pk": 71, "fields": {"title": "Estudo de caso 71 sobre IA generativa: aplicações e limitações", "pub_date": "2026-03-19", "reporter": 94}}, {"model": "aula.paper", "pk": 72, "fields": {"title": "Relatório 72: Field lookups avançados no Django", "pub_date": "2026-01-05", "reporter": 79}}, {"model": "aula.paper", "pk": 73, "fields": {"title": "Guia prático 73 — CI/CD e automação de deploy", "pub_date": "2026-09-17", "reporter": 38}}, {"model": "aula.paper", "pk": 74, "fields": {"title": "Guia prático 74 — Cache e performance: Redis na prática", "pub_date": "2026-04-22", "reporter": 99}}, {"model": "aula.paper", "pk": 75, "fields": {"title": "Cache e performance: Redis na prática: lições de Salvador", "pub_date": "2025-12-25", "reporter": 41}}, {"model": "aula.paper", "pk": 76, "fields": {"title": "Padrões de projeto em Python: lições de Florianópolis", "pub_date": "2025-12-27", "reporter": 12}}, {"model": "aula.paper", "pk": 77, "fields": {"title": "Boas práticas de migrações e migrations squashing: lições de Rio de Janeiro", "pub_date": "2026-03-02", "reporter": 15}}, {"model": "aula.paper", "pk": 78, "fields": {"title": "Relatório 78: Field lookups avançados no Django", "pub_date": "2026-12-14", "reporter": 87}}, {"model": "aula.paper", "pk": 79, "fields": {"title": "Relatório 79: IA generativa: aplicações e limitações", "pub_date": "2026-06-30", "reporter": 23}}, {"model": "aula.paper", "pk": 80, "fields": {"title": "Especial 80: Testes automatizados: unitários e integração", "pub_date": "2026-05-27", "reporter": 11}}, {"model": "aula.paper", "pk": 81, "fields": {"title": "Relatório 81: Python 3: desempenho, profiling e otimização", "pub_date": "2026-05-12", "reporter": 96}}, {"model": "aula.paper", "pk": 82, "fields": {"title": "Especial 82: Computação distribuída e consistência", "pub_date": "2026-06-11", "reporter": 71}}, {"model": "aula.paper", "pk": 83, "fields": {"title": "Relatório 83: Segurança em APIs REST: OWASP e mitigação", "pub_date": "2026-08-18", "reporter": 100}}, {"model": "aula.paper", "pk": 84, "fields": {"title": "Relatório 84: Testes automatizados: unitários e integração", "pub_date": "2026-01-31", "reporter": 41}}, {"model": "aula.paper", "pk": 85, "fields": {"title": "Guia prático 85 — Estruturas de dados para aplicações web", "pub_date": "2026-09-09", "reporter": 8}}, {"model": "aula.paper", "pk": 86, "fields": {"title": "Engenharia de requisitos e rastreabilidade: lições de Curitiba", "pub_date": "2026-05-04", "reporter": 24}}, {"model": "aula.paper", "pk": 87, "fields": {"title": "Especial 87: Testes automatizados: unitários e integração", "pub_date": "2026-03-23", "reporter": 68}}, {"model": "aula.paper", "pk": 88, "fields": {"title": "Guia prático 88 — Machine Learning em produção: MLOps", "pub_date": "2026-08-07", "reporter": 18}}, {"model": "aula.paper", "pk": 89, "fields": {"title": "Relatório 89: Autenticação com Token no DRF", "pub_date": "2026-06-01", "reporter": 43}}, {"model": "aula.paper", "pk": 90, "fields": {"title": "Relatório 90: Boas práticas de migrações e migrations squashing", "pub_date": "2026-08-26", "reporter": 64}}, {"model": "aula.paper", "pk": 91, "fields": {"title": "Relatório 91: Python 3: desempenho, profiling e otimização", "pub_date": "2026-08-16", "reporter": 33}}, {"model": "aula.paper", "pk": 92, "fields": {"title": "Estudo de caso 92 sobre Redes e Internet: roteamento e latência", "pub_date": "2025-12-31", "reporter": 22}}, {"model": "aula.paper", "pk": 93, "fields": {"title": "Especial 93: Banco de dados: índices, planos e cardinalidade", "pub_date": "2026-09-16", "reporter": 59}}, {"model": "aula.paper", "pk": 94, "fields": {"title": "Estudo de caso 94 sobre Django ORM e otimização de consultas", "pub_date": "2026-10-28", "reporter": 78}}, {"model": "aula.paper", "pk": 95, "fields": {"title": "Relatório 95: Privacidade e LGPD em sistemas", "pub_date": "2026-06-09", "reporter": 65}}, {"model": "aula.paper", "pk": 96, "fields": {"title": "Relatório 96: Privacidade e LGPD em sistemas", "pub_date": "2026-08-10", "reporter": 32}}, {"model": "aula.paper", "pk": 97, "fields": {"title": "Guia prático 97 — Computação distribuída e consistência", "pub_date": "2026-03-20", "reporter": 68}}, {"model": "aula.paper", "pk": 98, "fields": {"title": "Relatório 98: Privacidade e LGPD em sistemas", "pub_date": "2026-06-04", "reporter": 4}}, {"model": "aula.paper", "pk": 99, "fields": {"title": "Model inheritance e abstract base models: lições de Fortaleza", "pub_date": "2026-05-20", "reporter": 11}}, {"model": "aula.paper", "pk": 100, "fields": {"title": "Estudo de caso 100 sobre Mensageria: filas, eventos e streams", "pub_date": "2026-01-25", "reporter": 52}}, {"model": "aula.exemplo", "pk": 1, "fields": {"cod": "0825215592", "nome": "Aula ORM 01", "paper": 16, "reporter": null, "person": null, "people": []}}, {"model": "aula.exemplo", "pk": 2, "fields": {"cod": "2603732324", "nome": "Aula SQL 02", "paper": 16, "reporter": null, "person": 56, "people": []}}, {"model": "aula.exemplo", "pk": 3, "fields": {"cod": "6696330522", "nome": "Prática 03", "paper": 10, "reporter": 47, "person": 70, "people": [9, 41, 57]}}, {"model": "aula.exemplo", "pk": 4, "fields": {"cod": "9005328928", "nome": "SelectRel 04", "paper": 72, "reporter": 17, "person": 37, "people": [4, 28, 79, 85, 86]}}, {"model": "aula.exemplo", "pk": 5, "fields": {"cod": "3249463858", "nome": "Prática 05", "paper": 11, "reporter": null, "person": null, "people": [29, 100]}}, {"model": "aula.exemplo", "pk": 6, "fields": {"cod": "6314141912", "nome": "SelectRel 06", "paper": 20, "reporter": 68, "person": null, "people": [39]}}, {"model": "aula.exemplo", "pk": 7, "fields": {"cod": "1169127588", "nome": "Lab ORM 07", "paper": 25, "reporter": null, "person": null, "people": [26, 67, 90]}}, {"model": "aula.exemplo", "pk": 8, "fields": {"cod": "2542457640", "nome": "Prefetch 08", "paper": 22, "reporter": 27, "person": 69, "people": [30, 33, 83, 87, 88]}}, {"model": "aula.exemplo", "pk": 9, "fields": {"cod": "8139650846", "nome": "Aula ORM 09", "paper": 59, "reporter": null, "person": 79, "people": [11, 15, 55, 80, 81]}}, {"model": "aula.exemplo", "pk": 10, "fields": {"cod": "5434906950", "nome": "SelectRel 10", "paper": 77, "reporter": 53, "person": 3, "people": [32, 58, 66, 87, 92]}}, {"model": "aula.exemplo", "pk": 11, "fields": {"cod": "4150524744", "nome": "Aula ORM 11", "paper": 96, "reporter": null, "person": 25, "people": [63, 74]}}, {"model": "aula.exemplo", "pk": 12, "fields": {"cod": "7560557900", "nome": "Lookup 12", "paper": 97, "reporter": 56, "person": 9, "people": [40, 64]}}, {"model": "aula.exemplo", "pk": 13, "fields": {"cod": "2588409450", "nome": "Prefetch 13", "paper": 40, "reporter": 36, "person": 1, "people": []}}, {"model": "aula.exemplo", "pk": 14, "fields": {"cod": "1929023832", "nome": "Annotate 14", "paper": 12, "reporter": 29, "person": 47, "people": []}}, {"model": "aula.exemplo", "pk": 15, "fields": {"cod": "4072773794", "nome": "Prefetch 15", "paper": 39, "reporter": 60, "person": 74, "people": []}}, {"model": "aula.exemplo", "pk": 16, "fields": {"cod": "2247264326", "nome": "Aula SQL 16", "paper": 54, "reporter": 44, "person": null, "people": []}}, {"model": "aula.exemplo", "pk": 17, "fields": {"cod": "0295456094", "nome": "QuerySet 17", "paper": 69, "reporter": null, "person": 88, "people": [34, 38]}}, {"model": "aula.exemplo", "pk": 18, "fields": {"cod": "8400152270", "nome": "Aula SQL 18", "paper": 8, "reporter": 95, "person": null, "people": [79]}}, {"model": "aula.exemplo", "pk": 19, "fields": {"cod": "4822286020", "nome": "Aula SQL 19", "paper": 71, "reporter": null, "person": 98, "people": [58]}}, {"model": "aula.exemplo", "pk": 20, "fields": {"cod": "6824748766", "nome": "Aula SQL 20", "paper": 91, "reporter": null, "person": null, "people": [3, 33]}}, {"model": "aula.exemplo", "pk": 21, "fields": {"cod": "1793648940", "nome": "Aula API 21", "paper": 50, "reporter": 62, "person": 92, "people": [10, 13, 20, 57]}}, {"model": "aula.exemplo", "pk": 22, "fields": {"cod": "0298369680", "nome": "Aula DTL 22", "paper": 5, "reporter": 26, "person": 3, "people": [49, 61, 69, 87]}}, {"model": "aula.exemplo", "pk": 23, "fields": {"cod": "3205182440", "nome": "Lab ORM 23", "paper": 93, "reporter": 81, "person": null, "people": [32, 44, 65]}}, {"model": "aula.exemplo", "pk": 24, "fields": {"cod": "5218453522", "nome": "Lookup 24", "paper": 54, "reporter": null, "person": null, "people": []}}, {"model": "aula.exemplo", "pk": 25, "fields": {"cod": "6665029834", "nome": "Lab API 25", "paper": 8, "reporter": 88, "person": 1, "people": [41, 51, 96]}}, {"model": "aula.exemplo", "pk": 26, "fields": {"cod": "3018443316", "nome": "Exemplo 26", "paper": 87, "reporter": null, "person": 41, "people": [79]}}, {"model": "aula.exemplo", "pk": 27, "fields": {"cod": "8683049584", "nome": "Aula SQL 27", "paper": 10, "reporter": 20, "person": 8, "people": [95]}}, {"model": "aula.exemplo", "pk": 28, "fields": {"cod": "7711922428", "nome": "Aula DTL 28", "paper": 78, "reporter": 58, "person": 93, "people": [61, 93]}}, {"model": "aula.exemplo", "pk": 29, "fields": {"cod": "1864735234", "nome": "SelectRel 29", "paper": 80, "reporter": 1, "person": null, "people": [8, 19]}}, {"model": "aula.exemplo", "pk": 30, "fields": {"cod": "5867978092", "nome": "QuerySet 30", "paper": 44, "reporter": 11, "person": 66, "people": []}}, {"model": "aula.exemplo", "pk": 31, "fields": {"cod": "3686190772", "nome": "Prefetch 31", "paper": 59, "reporter": 85, "person": 23, "people": []}}, {"model": "aula.exemplo", "pk": 32, "fields": {"cod": "3253207716", "nome": "Prefetch 32", "paper": 23, "reporter": 70, "person": 7, "people": []}}, {"model": "aula.exemplo", "pk": 33, "fields": {"cod": "6135869286", "nome": "Lab ORM 33", "paper": 53, "reporter": null, "person": null, "people": [1, 20, 55, 99]}}, {"model": "aula.exemplo", "pk": 34, "fields": {"cod": "2015394664", "nome": "SelectRel 34", "paper": 61, "reporter": 96, "person": 30, "people": []}}, {"model": "aula.exemplo", "pk": 35, "fields": {"cod": "1942220166", "nome": "QuerySet 35", "paper": 12, "reporter": 76, "person": 64, "people": [7, 52, 92]}}, {"model": "aula.exemplo", "pk": 36, "fields": {"cod": "6857201020", "nome": "Lab ORM 36", "paper": 89, "reporter": null, "person": 79, "people": [85]}}, {"model": "aula.exemplo", "pk": 37, "fields": {"cod": "9526196474", "nome": "Lab ORM 37", "paper": 9, "reporter": 31, "person": 2, "people": [34, 88, 99]}}, {"model": "aula.exemplo", "pk": 38, "fields": {"cod": "6073618910", "nome": "Aula DRF 38", "paper": 55, "reporter": 61, "person": null, "people": [6, 15, 38, 55, 80]}}, {"model": "aula.exemplo", "pk": 39, "fields": {"cod": "8897138506", "nome": "Aula ORM 39", "paper": 74, "reporter": 52, "person": 5, "people": []}}, {"model": "aula.exemplo", "pk": 40, "fields": {"cod": "1396864248", "nome": "Exemplo 40", "paper": 6, "reporter": 70, "person": 9, "people": [46, 83, 85]}}, {"model": "aula.exemplo", "pk": 41, "fields": {"cod": "5541079272", "nome": "QuerySet 41", "paper": 100, "reporter": 61, "person": 73, "people": [13, 20, 23, 42, 81]}}, {"model": "aula.exemplo", "pk": 42, "fields": {"cod": "7783575808", "nome": "Lab API 42", "paper": 28, "reporter": null, "person": 72, "people": [21, 56, 88]}}, {"model": "aula.exemplo", "pk": 43, "fields": {"cod": "6006361858", "nome": "Aula API 43", "paper": 15, "reporter": 37, "person": null, "people": [18, 74, 84]}}, {"model": "aula.exemplo", "pk": 44, "fields": {"cod": "2886322806", "nome": "QuerySet 44", "paper": 47, "reporter": 12, "person": null, "people": [73]}}, {"model": "aula.exemplo", "pk": 45, "fields": {"cod": "7798361778", "nome": "Aula DTL 45", "paper": 29, "reporter": 40, "person": 43, "people": [28, 45, 51]}}, {"model": "aula.exemplo", "pk": 46, "fields": {"cod": "3372706562", "nome": "Aula DTL 46", "paper": 47, "reporter": 30, "person": 72, "people": [4, 52]}}, {"model": "aula.exemplo", "pk": 47, "fields": {"cod": "6189229166", "nome": "Aula API 47", "paper": 68, "reporter": 68, "person": null, "people": [100]}}, {"model": "aula.exemplo", "pk": 48, "fields": {"cod": "6828464478", "nome": "Lab API 48", "paper": 30, "reporter": null, "person": 55, "people": [38, 49, 63, 71, 92]}}, {"model": "aula.exemplo", "pk": 49, "fields": {"cod": "1316800504", "nome": "Aula DTL 49", "paper": 55, "reporter": null, "person": null, "people": [24, 74, 88, 96]}}, {"model": "aula.exemplo", "pk": 50, "fields": {"cod": "7342290230", "nome": "Prefetch 50", "paper": 49, "reporter": 31, "person": null, "people": [3, 46, 61, 65, 98]}}, {"model": "aula.exemplo", "pk": 51, "fields": {"cod": "4005406302", "nome": "Annotate 51", "paper": 82, "reporter": 51, "person": null, "people": [71]}}, {"model": "aula.exemplo", "pk": 52, "fields": {"cod": "7257487768", "nome": "QuerySet 52", "paper": 75, "reporter": null, "person": 68, "people": [38, 50, 51, 57]}}, {"model": "aula.exemplo", "pk": 53, "fields": {"cod": "1168930056", "nome": "Lab ORM 53", "paper": 43, "reporter": 94, "person": 62, "people": [51]}}, {"model": "aula.exemplo", "pk": 54, "fields": {"cod": "4687854984", "nome": "Prefetch 54", "paper": 41, "reporter": null, "person": 13, "people": [1, 38, 57, 70]}}, {"model": "aula.exemplo", "pk": 55, "fields": {"cod": "8280623814", "nome": "QuerySet 55", "paper": 50, "reporter": 8, "person": 91, "people": [15, 39, 76, 95]}}, {"model": "aula.exemplo", "pk": 56, "fields": {"cod": "0647697946", "nome": "Aula API 56", "paper": 97, "reporter": 53, "person": 70, "people": [23, 35, 45, 56, 81]}}, {"model": "aula.exemplo", "pk": 57, "fields": {"cod": "3447845984", "nome": "Exemplo 57", "paper": 57, "reporter": 7, "person": null, "people": []}}, {"model": "aula.exemplo", "pk": 58, "fields": {"cod": "0494541874", "nome": "SelectRel 58", "paper": 28, "reporter": 23, "person": null, "people": [6]}}, {"model": "aula.exemplo", "pk": 59, "fields": {"cod": "3508886368", "nome": "Lab API 59", "paper": 99, "reporter": 14, "person": null, "people": [32, 51, 86, 99]}}, {"model": "aula.exemplo", "pk": 60, "fields": {"cod": "4160345786", "nome": "Aula API 60", "paper": 90, "reporter": 83, "person": null, "people": [32, 51, 63, 99, 100]}}, {"model": "aula.exemplo", "pk": 61, "fields": {"cod": "1069604866", "nome": "Aula ORM 61", "paper": 20, "reporter": 23, "person": null, "people": [13, 41, 44, 72]}}, {"model": "aula.exemplo", "pk": 62, "fields": {"cod": "6777488240", "nome": "Prefetch 62", "paper": 47, "reporter": 69, "person": 55, "people": [4, 27, 74, 87]}}, {"model": "aula.exemplo", "pk": 63, "fields": {"cod": "3284607864", "nome": "SelectRel 63", "paper": 82, "reporter": 75, "person": null, "people": [8, 15, 56, 73, 87]}}, {"model": "aula.exemplo", "pk": 64, "fields": {"cod": "3368094018", "nome": "Aula SQL 64", "paper": 70, "reporter": null, "person": 75, "people": []}}, {"model": "aula.exemplo", "pk": 65, "fields": {"cod": "8258120956", "nome": "Aula DRF 65", "paper": 99, "reporter": null, "person": 80, "people": [14, 15, 29, 50, 70]}}, {"model": "aula.exemplo", "pk": 66, "fields": {"cod": "2078485540", "nome": "Prática 66", "paper": 81, "reporter": 58, "person": 25, "people": [52, 55, 59]}}, {"model": "aula.exemplo", "pk": 67, "fields": {"cod": "9945289448", "nome": "Lookup 67", "paper": 63, "reporter": null, "person": 51, "people": [87]}}, {"model": "aula.exemplo", "pk": 68, "fields": {"cod": "8380084682", "nome": "QuerySet 68", "paper": 69, "reporter": null, "person": 13, "people": [58, 73, 84]}}, {"model": "aula.exemplo", "pk": 69, "fields": {"cod": "8792224642", "nome": "Aula API 69", "paper": 79, "reporter": null, "person": null, "people": []}}, {"model": "aula.exemplo", "pk": 70, "fields": {"cod": "8524172362", "nome": "Exemplo 70", "paper": 17, "reporter": 90, "person": 77, "people": []}}, {"model": "aula.exemplo", "pk": 71, "fields": {"cod": "5961268592", "nome": "Prefetch 71", "paper": 20, "reporter": 13, "person": 20, "people": [3, 61, 88, 96, 100]}}, {"model": "aula.exemplo", "pk": 72, "fields": {"cod": "7216649792", "nome": "Lab API 72", "paper": 47, "reporter": 66, "person": 77, "people": [9, 11, 73]}}, {"model": "aula.exemplo", "pk": 73, "fields": {"cod": "7090331758", "nome": "SelectRel 73", "paper": 77, "reporter": 90, "person": null, "people": [7, 42]}}, {"model": "aula.exemplo", "pk": 74, "fields": {"cod": "2151418784", "nome": "QuerySet 74", "paper": 56, "reporter": null, "person": 68, "people": [8, 95]}}, {"model": "aula.exemplo", "pk": 75, "fields": {"cod": "0481728584", "nome": "Aula DRF 75", "paper": 99, "reporter": null, "person": 3, "people": [71]}}, {"model": "aula.exemplo", "pk": 76, "fields": {"cod": "8660621038", "nome": "Aula DTL 76", "paper": 13, "reporter": null, "person": null, "people": []}}, {"model": "aula.exemplo", "pk": 77, "fields": {"cod": "6079411734", "nome": "Lab ORM 77", "paper": 36, "reporter": null, "person": 77, "people": [4]}}, {"model": "aula.exemplo", "pk": 78, "fields": {"cod": "8200815374", "nome": "Aula ORM 78", "paper": 24, "reporter": 25, "person": 41, "people": []}}, {"model": "aula.exemplo", "pk": 79, "fields": {"cod": "0282073770", "nome": "Aula ORM 79", "paper": 51, "reporter": 18, "person": null, "people": [47, 53, 74, 97, 100]}}, {"model": "aula.exemplo", "pk": 80, "fields": {"cod": "7000290968", "nome": "Prática 80", "paper": 15, "reporter": 13, "person": 75, "people": [6, 12, 28, 31, 79]}}, {"model": "aula.exemplo", "pk": 81, "fields": {"cod": "6009728912", "nome": "Lab API 81", "paper": 98, "reporter": null, "person": 60, "people": [3, 41, 49, 59, 99]}}, {"model": "aula.exemplo", "pk": 82, "fields": {"cod": "0511837340", "nome": "Aula DTL 82", "paper": 58, "reporter": 46, "person": 26, "people": [59]}}, {"model": "aula.exemplo", "pk": 83, "fields": {"cod": "8947105290", "nome": "Lab ORM 83", "paper": 95, "reporter": null, "person": null, "people": [7]}}, {"model": "aula.exemplo", "pk": 84, "fields": {"cod": "4933377466", "nome": "Aula DRF 84", "paper": 26, "reporter": 94, "person": 96, "people": [75, 80, 81]}}, {"model": "aula.exemplo", "pk": 85, "fields": {"cod": "3391527866", "nome": "Annotate 85", "paper": 61, "reporter": 23, "person": 89, "people": [78, 83, 88]}}, {"model": "aula.exemplo", "pk": 86, "fields": {"cod": "1676393846", "nome": "Lookup 86", "paper": 81, "reporter": 66, "person": 2, "people": [79]}}, {"model": "aula.exemplo", "pk": 87, "fields": {"cod": "0377505898", "nome": "Aula API 87", "paper": 93, "reporter": null, "person": 5, "people": [39, 49, 54, 66]}}, {"model": "aula.exemplo", "pk": 88, "fields": {"cod": "3538467450", "nome": "Lab API 88", "paper": 22, "reporter": null, "person": 49, "people": [6, 16, 34, 70, 79]}}, {"model": "aula.exemplo", "pk": 89, "fields": {"cod": "1889899410", "nome": "Aula SQL 89", "paper": 65, "reporter": 52, "person": 50, "people": [25, 42, 98]}}, {"model": "aula.exemplo", "pk": 90, "fields": {"cod": "0370265082", "nome": "Lookup 90", "paper": 34, "reporter": 66, "person": 38, "people": [80]}}, {"model": "aula.exemplo", "pk": 91, "fields": {"cod": "1878215978", "nome": "Exemplo 91", "paper": 98, "reporter": null, "person": 88, "people": [46, 50]}}, {"model": "aula.exemplo", "pk": 92, "fields": {"cod": "6209984658", "nome": "Annotate 92", "paper": 71, "reporter": 88, "person": 59, "people": [9, 14, 22, 51, 61]}}, {"model": "aula.exemplo", "pk": 93, "fields": {"cod": "1934000330", "nome": "QuerySet 93", "paper": 4, "reporter": 67, "person": 53, "people": [10, 63, 93]}}, {"model": "aula.exemplo", "pk": 94, "fields": {"cod": "8248325928", "nome": "Aula ORM 94", "paper": 81, "reporter": 79, "person": 56, "people": [23, 94]}}, {"model": "aula.exemplo", "pk": 95, "fields": {"cod": "4813447766", "nome": "Aula DRF 95", "paper": 20, "reporter": 1, "person": 44, "people": [35]}}, {"model": "aula.exemplo", "pk": 96, "fields": {"cod": "9001957344", "nome": "Lookup 96", "paper": 53, "reporter": 37, "person": null, "people": []}}, {"model": "aula.exemplo", "pk": 97, "fields": {"cod": "8788110286", "nome": "QuerySet 97", "paper": 96, "reporter": 44, "person": 90, "people": [40, 74]}}, {"model": "aula.exemplo", "pk": 98, "fields": {"cod": "6909081596", "nome": "Lab ORM 98", "paper": 77, "reporter": null, "person": 44, "people": [10, 75]}}, {"model": "aula.exemplo", "pk": 99, "fields": {"cod": "0735145742", "nome": "Lab API 99", "paper": 49, "reporter": null, "person": 52, "people": [47, 69, 78, 87]}}, {"model": "aula.exemplo", "pk": 100, "fields": {"cod": "2357636680", "nome": "QuerySet 100", "paper": 6, "reporter": 75, "person": null, "people": []}}, {"model": "aula.teste", "pk": 1, "fields": {"paper": 70, "teste": "Consulta ORM 01 — filtros, lookups e joins", "revistas": [16, 49, 93]}}, {"model": "aula.teste", "pk": 2, "fields": {"paper": 86, "teste": "Consulta ORM 02 — filtros, lookups e joins", "revistas": [3, 53]}}, {"model": "aula.teste", "pk": 3, "fields": {"paper": 63, "teste": "Consulta ORM 03 — filtros, lookups e joins", "revistas": [49, 63]}}, {"model": "aula.teste", "pk": 4, "fields": {"paper": 4, "teste": "Consulta ORM 04 — filtros, lookups e joins", "revistas": [4, 7, 28]}}, {"model": "aula.teste", "pk": 5, "fields": {"paper": 68, "teste": "Consulta ORM 05 — filtros, lookups e joins", "revistas": [14, 28, 41, 54]}}, {"model": "aula.teste", "pk": 6, "fields": {"paper": 52, "teste": "Consulta ORM 06 — filtros, lookups e joins", "revistas": [8, 14, 30, 44]}}, {"model": "aula.teste", "pk": 7, "fields": {"paper": 55, "teste": "Consulta ORM 07 — filtros, lookups e joins", "revistas": [41, 88, 98]}}, {"model": "aula.teste", "pk": 8, "fields": {"paper": 41, "teste": "Consulta ORM 08 — filtros, lookups e joins", "revistas": [53, 80]}}, {"model": "aula.teste", "pk": 9, "fields": {"paper": 15, "teste": "Consulta ORM 09 — filtros, lookups e joins", "revistas": [25, 53, 99]}}, {"model": "aula.teste", "pk": 10, "fields": {"paper": 86, "teste": "Consulta ORM 10 — filtros, lookups e joins", "revistas": [52, 66, 99]}}, {"model": "aula.teste", "pk": 11, "fields": {"paper": 55, "teste": "Consulta ORM 11 — filtros, lookups e joins", "revistas": [58]}}, {"model": "aula.teste", "pk": 12, "fields": {"paper": 95, "teste": "Consulta ORM 12 — filtros, lookups e joins", "revistas": [73, 84, 87, 98]}}, {"model": "aula.teste", "pk": 13, "fields": {"paper": 54, "teste": "Consulta ORM 13 — filtros, lookups e joins", "revistas": [14, 95]}}, {"model": "aula.teste", "pk": 14, "fields": {"paper": 53, "teste": "Consulta ORM 14 — filtros, lookups e joins", "revistas": [27, 48]}}, {"model": "aula.teste", "pk": 15, "fields": {"paper": 10, "teste": "Consulta ORM 15 — filtros, lookups e joins", "revistas": [9, 46]}}, {"model": "aula.teste", "pk": 16, "fields": {"paper": 77, "teste": "Consulta ORM 16 — filtros, lookups e joins", "revistas": [18]}}, {"model": "aula.teste", "pk": 17, "fields": {"paper": 96, "teste": "Consulta ORM 17 — filtros, lookups e joins", "revistas": [1, 52]}}, {"model": "aula.teste", "pk": 18, "fields": {"paper": 87, "teste": "Consulta ORM 18 — filtros, lookups e joins", "revistas": [7, 74]}}, {"model": "aula.teste", "pk": 19, "fields": {"paper": 1, "teste": "Consulta ORM 19 — filtros, lookups e joins", "revistas": [36, 47, 63, 85]}}, {"model": "aula.teste", "pk": 20, "fields": {"paper": 100, "teste": "Consulta ORM 20 — filtros, lookups e joins", "revistas": [5, 20, 54, 78]}}, {"model": "aula.teste", "pk": 21, "fields": {"paper": 91, "teste": "Consulta ORM 21 — filtros, lookups e joins", "revistas": [50, 66, 81, 94]}}, {"model": "aula.teste", "pk": 22, "fields": {"paper": 15, "teste": "Consulta ORM 22 — filtros, lookups e joins", "revistas": [6]}}, {"model": "aula.teste", "pk": 23, "fields": {"paper": 46, "teste": "Consulta ORM 23 — filtros, lookups e joins", "revistas": [60]}}, {"model": "aula.teste", "pk": 24, "fields": {"paper": 64, "teste": "Consulta ORM 24 — filtros, lookups e joins", "revistas": [93]}}, {"model": "aula.teste", "pk": 25, "fields": {"paper": 37, "teste": "Consulta ORM 25 — filtros, lookups e joins", "revistas": [38, 54, 63, 96]}}, {"model": "aula.teste", "pk": 26, "fields": {"paper": 33, "teste": "Consulta ORM 26 — filtros, lookups e joins", "revistas": [2, 28, 86]}}, {"model": "aula.teste", "pk": 27, "fields": {"paper": 59, "teste": "Consulta ORM 27 — filtros, lookups e joins", "revistas": [38, 76, 94, 97]}}, {"model": "aula.teste", "pk": 28, "fields": {"paper": 90, "teste": "Consulta ORM 28 — filtros, lookups e joins", "revistas": [43, 62]}}, {"model": "aula.teste", "pk": 29, "fields": {"paper": 70, "teste": "Consulta ORM 29 — filtros, lookups e joins", "revistas": [48, 85]}}, {"model": "aula.teste", "pk": 30, "fields": {"paper": 11, "teste": "Consulta ORM 30 — filtros, lookups e joins", "revistas": [25, 30, 82, 92]}}, {"model": "aula.teste", "pk": 31, "fields": {"paper": 17, "teste": "Consulta ORM 31 — filtros, lookups e joins", "revistas": [65]}}, {"model": "aula.teste", "pk": 32, "fields": {"paper": 13, "teste": "Consulta ORM 32 — filtros, lookups e joins", "revistas": [4, 47, 78]}}, {"model": "aula.teste", "pk": 33, "fields": {"paper": 49, "teste": "Consulta ORM 33 — filtros, lookups e joins", "revistas": [24, 43]}}, {"model": "aula.teste", "pk": 34, "fields": {"paper": 19, "teste": "Consulta ORM 34 — filtros, lookups e joins", "revistas": [67]}}, {"model": "aula.teste", "pk": 35, "fields": {"paper": 81, "teste": "Consulta ORM 35 — filtros, lookups e joins", "revistas": [34, 59]}}, {"model": "aula.teste", "pk": 36, "fields": {"paper": 35, "teste": "Consulta ORM 36 — filtros, lookups e joins", "revistas": [10, 34, 43]}}, {"model": "aula.teste", "pk": 37, "fields": {"paper": 86, "teste": "Consulta ORM 37 — filtros, lookups e joins", "revistas": [85]}}, {"model": "aula.teste", "pk": 38, "fields": {"paper": 13, "teste": "Consulta ORM 38 — filtros, lookups e joins", "revistas": [17, 65]}}, {"model": "aula.teste", "pk": 39, "fields": {"paper": 88, "teste": "Consulta ORM 39 — filtros, lookups e joins", "revistas": [43, 84]}}, {"model": "aula.teste", "pk": 40, "fields": {"paper": 46, "teste": "Consulta ORM 40 — filtros, lookups e joins", "revistas": [4, 8, 30, 32]}}, {"model": "aula.teste", "pk": 41, "fields": {"paper": 48, "teste": "Consulta ORM 41 — filtros, lookups e joins", "revistas": [46, 62, 82]}}, {"model": "aula.teste", "pk": 42, "fields": {"paper": 37, "teste": "Consulta ORM 42 — filtros, lookups e joins", "revistas": [17, 46, 76]}}, {"model": "aula.teste", "pk": 43, "fields": {"paper": 28, "teste": "Consulta ORM 43 — filtros, lookups e joins", "revistas": [20, 94, 100]}}, {"model": "aula.teste", "pk": 44, "fields": {"paper": 54, "teste": "Consulta ORM 44 — filtros, lookups e joins", "revistas": [34, 81, 94]}}, {"model": "aula.teste", "pk": 45, "fields": {"paper": 100, "teste": "Consulta ORM 45 — filtros, lookups e joins", "revistas": [36, 100]}}, {"model": "aula.teste", "pk": 46, "fields": {"paper": 93, "teste": "Consulta ORM 46 — filtros, lookups e joins", "revistas": [14, 38, 70]}}, {"model": "aula.teste", "pk": 47, "fields": {"paper": 84, "teste": "Consulta ORM 47 — filtros, lookups e joins", "revistas": [71, 74, 91]}}, {"model": "aula.teste", "pk": 48, "fields": {"paper": 21, "teste": "Consulta ORM 48 — filtros, lookups e joins", "revistas": [68, 70, 84]}}, {"model": "aula.teste", "pk": 49, "fields": {"paper": 79, "teste": "Consulta ORM 49 — filtros, lookups e joins", "revistas": [11, 57, 91]}}, {"model": "aula.teste", "pk": 50, "fields": {"paper": 89, "teste": "Consulta ORM 50 — filtros, lookups e joins", "revistas": [35]}}, {"model": "aula.teste", "pk": 51, "fields": {"paper": 38, "teste": "Consulta ORM 51 — filtros, lookups e joins", "revistas": [53, 87]}}, {"model": "aula.teste", "pk": 52, "fields": {"paper": 97, "teste": "Consulta ORM 52 — filtros, lookups e joins", "revistas": [51, 72]}}, {"model": "aula.teste", "pk": 53, "fields": {"paper": 85, "teste": "Consulta ORM 53 — filtros, lookups e joins", "revistas": [40, 61]}}, {"model": "aula.teste", "pk": 54, "fields": {"paper": 54, "teste": "Consulta ORM 54 — filtros, lookups e joins", "revistas": [20, 51, 56, 67]}}, {"model": "aula.teste", "pk": 55, "fields": {"paper": 31, "teste": "Consulta ORM 55 — filtros, lookups e joins", "revistas": [7, 31, 78]}}, {"model": "aula.teste", "pk": 56, "fields": {"paper": 48, "teste": "Consulta ORM 56 — filtros, lookups e joins", "revistas": [16]}}, {"model": "aula.teste", "pk": 57, "fields": {"paper": 51, "teste": "Consulta ORM 57 — filtros, lookups e joins", "revistas": [12, 98]}}, {"model": "aula.teste", "pk": 58, "fields": {"paper": 46, "teste": "Consulta ORM 58 — filtros, lookups e joins", "revistas": [37]}}, {"model": "aula.teste", "pk": 59, "fields": {"paper": 86, "teste": "Consulta ORM 59 — filtros, lookups e joins", "revistas": [4, 36, 74, 95]}}, {"model": "aula.teste", "pk": 60, "fields": {"paper": 22, "teste": "Consulta ORM 60 — filtros, lookups e joins", "revistas": [43]}}, {"model": "aula.teste", "pk": 61, "fields": {"paper": 35, "teste": "Consulta ORM 61 — filtros, lookups e joins", "revistas": [51, 85, 88]}}, {"model": "aula.teste", "pk": 62, "fields": {"paper": 20, "teste": "Consulta ORM 62 — filtros, lookups e joins", "revistas": [16, 92, 97]}}, {"model": "aula.teste", "pk": 63, "fields": {"paper": 17, "teste": "Consulta ORM 63 — filtros, lookups e joins", "revistas": [10, 29, 50]}}, {"model": "aula.teste", "pk": 64, "fields": {"paper": 59, "teste": "Consulta ORM 64 — filtros, lookups e joins", "revistas": [68, 77]}}, {"model": "aula.teste", "pk": 65, "fields": {"paper": 7, "teste": "Consulta ORM 65 — filtros, lookups e joins", "revistas": [65, 95, 97]}}, {"model": "aula.teste", "pk": 66, "fields": {"paper": 23, "teste": "Consulta ORM 66 — filtros, lookups e joins", "revistas": [9, 57, 70, 89]}}, {"model": "aula.teste", "pk": 67, "fields": {"paper": 8, "teste": "Consulta ORM 67 — filtros, lookups e joins", "revistas": [36, 53]}}, {"model": "aula.teste", "pk": 68, "fields": {"paper": 77, "teste": "Consulta ORM 68 — filtros, lookups e joins", "revistas": [56, 59, 60, 64]}}, {"model": "aula.teste", "pk": 69, "fields": {"paper": 54, "teste": "Consulta ORM 69 — filtros, lookups e joins", "revistas": [46]}}, {"model": "aula.teste", "pk": 70, "fields": {"paper": 2, "teste": "Consulta ORM 70 — filtros, lookups e joins", "revistas": [4, 22, 25, 29]}}, {"model": "aula.teste", "pk": 71, "fields": {"paper": 13, "teste": "Consulta ORM 71 — filtros, lookups e joins", "revistas": [24, 40, 52, 63]}}, {"model": "aula.teste", "pk": 72, "fields": {"paper": 25, "teste": "Consulta ORM 72 — filtros, lookups e joins", "revistas": [22, 23, 28, 53]}}, {"model": "aula.teste", "pk": 73, "fields": {"paper": 14, "teste": "Consulta ORM 73 — filtros, lookups e joins", "revistas": [38]}}, {"model": "aula.teste", "pk": 74, "fields": {"paper": 95, "teste": "Consulta ORM 74 — filtros, lookups e joins", "revistas": [58, 95]}}, {"model": "aula.teste", "pk": 75, "fields": {"paper": 22, "teste": "Consulta ORM 75 — filtros, lookups e joins", "revistas": [38, 81]}}, {"model": "aula.teste", "pk": 76, "fields": {"paper": 77, "teste": "Consulta ORM 76 — filtros, lookups e joins", "revistas": [21]}}, {"model": "aula.teste", "pk": 77, "fields": {"paper": 55, "teste": "Consulta ORM 77 — filtros, lookups e joins", "revistas": [46, 52]}}, {"model": "aula.teste", "pk": 78, "fields": {"paper": 70, "teste": "Consulta ORM 78 — filtros, lookups e joins", "revistas": [37, 89]}}, {"model": "aula.teste", "pk": 79, "fields": {"paper": 78, "teste": "Consulta ORM 79 — filtros, lookups e joins", "revistas": [14, 16, 62, 93]}}, {"model": "aula.teste", "pk": 80, "fields": {"paper": 75, "teste": "Consulta ORM 80 — filtros, lookups e joins", "revistas": [32, 38, 57]}}, {"model": "aula.teste", "pk": 81, "fields": {"paper": 93, "teste": "Consulta ORM 81 — filtros, lookups e joins", "revistas": [37, 63, 67]}}, {"model": "aula.teste", "pk": 82, "fields": {"paper": 51, "teste": "Consulta ORM 82 — filtros, lookups e joins", "revistas": [10, 49, 75]}}, {"model": "aula.teste", "pk": 83, "fields": {"paper": 18, "teste": "Consulta ORM 83 — filtros, lookups e joins", "revistas": [13, 34, 53, 98]}}, {"model": "aula.teste", "pk": 84, "fields": {"paper": 5, "teste": "Consulta ORM 84 — filtros, lookups e joins", "revistas": [74, 99]}}, {"model": "aula.teste", "pk": 85, "fields": {"paper": 42, "teste": "Consulta ORM 85 — filtros, lookups e joins", "revistas": [8, 66, 80]}}, {"model": "aula.teste", "pk": 86, "fields": {"paper": 36, "teste": "Consulta ORM 86 — filtros, lookups e joins", "revistas": [25, 74]}}, {"model": "aula.teste", "pk": 87, "fields": {"paper": 97, "teste": "Consulta ORM 87 — filtros, lookups e joins", "revistas": [21, 24, 90]}}, {"model": "aula.teste", "pk": 88, "fields": {"paper": 61, "teste": "Consulta ORM 88 — filtros, lookups e joins", "revistas": [19, 62]}}, {"model": "aula.teste", "pk": 89, "fields": {"paper": 53, "teste": "Consulta ORM 89 — filtros, lookups e joins", "revistas": [36, 53]}}, {"model": "aula.teste", "pk": 90, "fields": {"paper": 15, "teste": "Consulta ORM 90 — filtros, lookups e joins", "revistas": [2, 9, 12]}}, {"model": "aula.teste", "pk": 91, "fields": {"paper": 21, "teste": "Consulta ORM 91 — filtros, lookups e joins", "revistas": [19, 37, 44]}}, {"model": "aula.teste", "pk": 92, "fields": {"paper": 76, "teste": "Consulta ORM 92 — filtros, lookups e joins", "revistas": [12, 55, 66]}}, {"model": "aula.teste", "pk": 93, "fields": {"paper": 77, "teste": "Consulta ORM 93 — filtros, lookups e joins", "revistas": [1, 30, 62]}}, {"model": "aula.teste", "pk": 94, "fields": {"paper": 23, "teste": "Consulta ORM 94 — filtros, lookups e joins", "revistas": [22, 32]}}, {"model": "aula.teste", "pk": 95, "fields": {"paper": 41, "teste": "Consulta ORM 95 — filtros, lookups e joins", "revistas": [60]}}, {"model": "aula.teste", "pk": 96, "fields": {"paper": 22, "teste": "Consulta ORM 96 — filtros, lookups e joins", "revistas": [53, 68, 89]}}, {"model": "aula.teste", "pk": 97, "fields": {"paper": 49, "teste": "Consulta ORM 97 — filtros, lookups e joins", "revistas": [97]}}, {"model": "aula.teste", "pk": 98, "fields": {"paper": 75, "teste": "Consulta ORM 98 — filtros, lookups e joins", "revistas": [15, 17, 61, 72]}}, {"model": "aula.teste", "pk": 99, "fields": {"paper": 5, "teste": "Consulta ORM 99 — filtros, lookups e joins", "revistas": [19, 34, 44, 79]}}, {"model": "aula.teste", "pk": 100, "fields": {"paper": 42, "teste": "Consulta ORM 100 — filtros, lookups e joins", "revistas": [20, 65, 92]}}, {"model": "aula.publication", "pk": 1, "fields": {"magazine": 30, "paper": 9, "editor": 75, "date": "2026-10-08", "obs": "Atualizado para refletir versões recentes de bibliotecas e frameworks."}}, {"model": "aula.publication", "pk": 2, "fields": {"magazine": 85, "paper": 41, "editor": 22, "date": "2026-09-13", "obs": "Revisão técnica concluída; ajustes de terminologia aplicados."}}, {"model": "aula.publication", "pk": 3, "fields": {"magazine": 52, "paper": 77, "editor": 8, "date": "2026-03-02", "obs": "Conteúdo revisado com foco em clareza e exemplos práticos."}}, {"model": "aula.publication", "pk": 4, "fields": {"magazine": 67, "paper": 5, "editor": 5, "date": "2026-03-14", "obs": "Matéria aprovada após revisão de estilo e consistência."}}, {"model": "aula.publication", "pk": 5, "fields": {"magazine": 54, "paper": 24, "editor": 14, "date": "2026-06-19", "obs": "Matéria aprovada após revisão de estilo e consistência."}}, {"model": "aula.publication", "pk": 6, "fields": {"magazine": 87, "paper": 51, "editor": 65, "date": "2026-05-19", "obs": "Incluídos links para repositórios e documentação oficial."}}, {"model": "aula.publication", "pk": 7, "fields": {"magazine": 76, "paper": 59, "editor": 9, "date": "2026-07-20", "obs": "Matéria aprovada após revisão de estilo e consistência."}}, {"model": "aula.publication", "pk": 8, "fields": {"magazine": 71, "paper": 60, "editor": 32, "date": "2026-10-21", "obs": "Revisão técnica concluída; ajustes de terminologia aplicados."}}, {"model": "aula.publication", "pk": 9, "fields": {"magazine": 19, "paper": 53, "editor": 98, "date": "2026-05-27", "obs": "Revisão técnica concluída; ajustes de terminologia aplicados."}}, {"model": "aula.publication", "pk": 10, "fields": {"magazine": 23, "paper": 1, "editor": 90, "date": "2026-05-07", "obs": "Revisão técnica concluída; ajustes de terminologia aplicados."}}, {"model": "aula.publication", "pk": 11, "fields": {"magazine": 25, "paper": 16, "editor": 89, "date": "2026-08-18", "obs": "Edição revisada e padronizada conforme guia editorial."}}, {"model": "aula.publication", "pk": 12, "fields": {"magazine": 94, "paper": 24, "editor": 24, "date": "2026-06-19", "obs": "Matéria aprovada após revisão de estilo e consistência."}}, {"model": "aula.publication", "pk": 13, "fields": {"magazine": 45, "paper": 38, "editor": 90, "date": "2026-09-11", "obs": "Edição revisada e padronizada conforme guia editorial."}}, {"model": "aula.publication", "pk": 14, "fields": {"magazine": 76, "paper": 17, "editor": 21, "date": "2026-04-07", "obs": "Matéria aprovada após revisão de estilo e consistência."}}, {"model": "aula.publication", "pk": 15, "fields": {"magazine": 58, "paper": 97, "editor": 14, "date": "2026-03-20", "obs": "Edição revisada e padronizada conforme guia editorial."}}, {"model": "aula.publication", "pk": 16, "fields": {"magazine": 98, "paper": 99, "editor": 24, "date": "2026-05-20", "obs": "Atualizado para refletir versões recentes de bibliotecas e frameworks."}}, {"model": "aula.publication", "pk": 17, "fields": {"magazine": 88, "paper": 88, "editor": 23, "date": "2026-08-07", "obs": "Matéria aprovada após revisão de estilo e consistência."}}, {"model": "aula.publication", "pk": 18, "fields": {"magazine": 25, "paper": 64, "editor": 54, "date": "2026-09-12", "obs": "Conteúdo revisado com foco em clareza e exemplos práticos."}}, {"model": "aula.publication", "pk": 19, "fields": {"magazine": 26, "paper": 76, "editor": 14, "date": "2025-12-27", "obs": "Incluídos links para repositórios e documentação oficial."}}, {"model": "aula.publication", "pk": 20, "fields": {"magazine": 87, "paper": 72, "editor": 29, "date": "2026-01-05", "obs": "Conteúdo revisado com foco em clareza e exemplos práticos."}}, {"model": "aula.publication", "pk": 21, "fields": {"magazine": 49, "paper": 66, "editor": 59, "date": "2026-06-01", "obs": "Revisão técnica concluída; ajustes de terminologia aplicados."}}, {"model": "aula.publication", "pk": 22, "fields": {"magazine": 93, "paper": 15, "editor": 24, "date": "2026-07-08", "obs": "Matéria aprovada após revisão de estilo e consistência."}}, {"model": "aula.publication", "pk": 23, "fields": {"magazine": 18, "paper": 12, "editor": 19, "date": "2026-06-02", "obs": "Conteúdo revisado com foco em clareza e exemplos práticos."}}, {"model": "aula.publication", "pk": 24, "fields": {"magazine": 70, "paper": 18, "editor": 97, "date": "2026-10-27", "obs": "Revisão técnica concluída; ajustes de terminologia aplicados."}}, {"model": "aula.publication", "pk": 25, "fields": {"magazine": 25, "paper": 38, "editor": 31, "date": "2026-09-11", "obs": "Incluídos links para repositórios e documentação oficial."}}, {"model": "aula.publication", "pk": 26, "fields": {"magazine": 37, "paper": 53, "editor": 90, "date": "2026-05-27", "obs": "Edição revisada e padronizada conforme guia editorial."}}, {"model": "aula.publication", "pk": 27, "fields": {"magazine": 88, "paper": 84, "editor": 41, "date": "2026-01-31", "obs": "Conteúdo revisado com foco em clareza e exemplos práticos."}}, {"model": "aula.publication", "pk": 28, "fields": {"magazine": 13, "paper": 13, "editor": 80, "date": "2026-04-25", "obs": "Edição revisada e padronizada conforme guia editorial."}}, {"model": "aula.publication", "pk": 29, "fields": {"magazine": 45, "paper": 28, "editor": 85, "date": "2026-01-20", "obs": "Conteúdo revisado com foco em clareza e exemplos práticos."}}, {"model": "aula.publication", "pk": 30, "fields": {"magazine": 73, "paper": 58, "editor": 52, "date": "2026-03-03", "obs": "Conteúdo revisado com foco em clareza e exemplos práticos."}}, {"model": "aula.publication", "pk": 31, "fields": {"magazine": 73, "paper": 5, "editor": 99, "date": "2026-03-14", "obs": "Matéria aprovada após revisão de estilo e consistência."}}, {"model": "aula.publication", "pk": 32, "fields": {"magazine": 96, "paper": 61, "editor": 3, "date": "2026-07-19", "obs": "Edição revisada e padronizada conforme guia editorial."}}, {"model": "aula.publication", "pk": 33, "fields": {"magazine": 18, "paper": 5, "editor": 92, "date": "2026-03-14", "obs": "Edição revisada e padronizada conforme guia editorial."}}, {"model": "aula.publication", "pk": 34, "fields": {"magazine": 90, "paper": 53, "editor": 75, "date": "2026-05-27", "obs": "Incluídos links para repositórios e documentação oficial."}}, {"model": "aula.publication", "pk": 35, "fields": {"magazine": 65, "paper": 12, "editor": 43, "date": "2026-06-02", "obs": "Edição revisada e padronizada conforme guia editorial."}}, {"model": "aula.publication", "pk": 36, "fields": {"magazine": 1, "paper": 13, "editor": 60, "date": "2026-04-25", "obs": "Matéria aprovada após revisão de estilo e consistência."}}, {"model": "aula.publication", "pk": 37, "fields": {"magazine": 3, "paper": 93, "editor": 1, "date": "2026-09-16", "obs": "Incluídos links para repositórios e documentação oficial."}}, {"model": "aula.publication", "pk": 38, "fields": {"magazine": 19, "paper": 29, "editor": 8, "date": "2026-09-13", "obs": "Atualizado para refletir versões recentes de bibliotecas e frameworks."}}, {"model": "aula.publication", "pk": 39, "fields": {"magazine": 87, "paper": 72, "editor": 7, "date": "2026-01-05", "obs": "Revisão técnica concluída; ajustes de terminologia aplicados."}}, {"model": "aula.publication", "pk": 40, "fields": {"magazine": 24, "paper": 7, "editor": 90, "date": "2026-01-02", "obs": "Revisão técnica concluída; ajustes de terminologia aplicados."}}, {"model": "aula.publication", "pk": 41, "fields": {"magazine": 48, "paper": 69, "editor": 57, "date": "2026-10-22", "obs": "Atualizado para refletir versões recentes de bibliotecas e frameworks."}}, {"model": "aula.publication", "pk": 42, "fields": {"magazine": 77, "paper": 47, "editor": 85, "date": "2026-11-19", "obs": "Revisão técnica concluída; ajustes de terminologia aplicados."}}, {"model": "aula.publication", "pk": 43, "fields": {"magazine": 58, "paper": 15, "editor": 76, "date": "2026-07-08", "obs": "Edição revisada e padronizada conforme guia editorial."}}, {"model": "aula.publication", "pk": 44, "fields": {"magazine": 47, "paper": 70, "editor": 46, "date": "2026-06-22", "obs": "Edição revisada e padronizada conforme guia editorial."}}, {"model": "aula.publication", "pk": 45, "fields": {"magazine": 71, "paper": 95, "editor": 66, "date": "2026-06-09", "obs": "Incluídos links para repositórios e documentação oficial."}}, {"model": "aula.publication", "pk": 46, "fields": {"magazine": 98, "paper": 98, "editor": 17, "date": "2026-06-04", "obs": "Atualizado para refletir versões recentes de bibliotecas e frameworks."}}, {"model": "aula.publication", "pk": 47, "fields": {"magazine": 20, "paper": 18, "editor": 91, "date": "2026-10-27", "obs": "Revisão técnica concluída; ajustes de terminologia aplicados."}}, {"model": "aula.publication", "pk": 48, "fields": {"magazine": 46, "paper": 24, "editor": 46, "date": "2026-06-19", "obs": "Conteúdo revisado com foco em clareza e exemplos práticos."}}, {"model": "aula.publication", "pk": 49, "fields": {"magazine": 19, "paper": 56, "editor": 53, "date": "2025-12-19", "obs": "Atualizado para refletir versões recentes de bibliotecas e frameworks."}}, {"model": "aula.publication", "pk": 50, "fields": {"magazine": 78, "paper": 6, "editor": 5, "date": "2026-05-17", "obs": "Conteúdo revisado com foco em clareza e exemplos práticos."}}, {"model": "aula.publication", "pk": 51, "fields": {"magazine": 24, "paper": 49, "editor": 3, "date": "2026-06-20", "obs": "Atualizado para refletir versões recentes de bibliotecas e frameworks."}}, {"model": "aula.publication", "pk": 52, "fields": {"magazine": 73, "paper": 13, "editor": 9, "date": "2026-04-25", "obs": "Conteúdo revisado com foco em clareza e exemplos práticos."}}, {"model": "aula.publication", "pk": 53, "fields": {"magazine": 77, "paper": 17, "editor": 77, "date": "2026-04-07", "obs": "Conteúdo revisado com foco em clareza e exemplos práticos."}}, {"model": "aula.publication", "pk": 54, "fields": {"magazine": 4, "paper": 48, "editor": 30, "date": "2026-12-03", "obs": "Edição revisada e padronizada conforme guia editorial."}}, {"model": "aula.publication", "pk": 55, "fields": {"magazine": 9, "paper": 73, "editor": 18, "date": "2026-09-17", "obs": "Incluídos links para repositórios e documentação oficial."}}, {"model": "aula.publication", "pk": 56, "fields": {"magazine": 61, "paper": 94, "editor": 19, "date": "2026-10-28", "obs": "Conteúdo revisado com foco em clareza e exemplos práticos."}}, {"model": "aula.publication", "pk": 57, "fields": {"magazine": 8, "paper": 35, "editor": 35, "date": "2026-11-27", "obs": "Incluídos links para repositórios e documentação oficial."}}, {"model": "aula.publication", "pk": 58, "fields": {"magazine": 1, "paper": 36, "editor": 53, "date": "2026-12-10", "obs": "Conteúdo revisado com foco em clareza e exemplos práticos."}}, {"model": "aula.publication", "pk": 59, "fields": {"magazine": 99, "paper": 30, "editor": 24, "date": "2026-03-28", "obs": "Atualizado para refletir versões recentes de bibliotecas e frameworks."}}, {"model": "aula.publication", "pk": 60, "fields": {"magazine": 68, "paper": 69, "editor": 36, "date": "2026-10-22", "obs": "Atualizado para refletir versões recentes de bibliotecas e frameworks."}}, {"model": "aula.publication", "pk": 61, "fields": {"magazine": 39, "paper": 39, "editor": 53, "date": "2026-03-06", "obs": "Revisão técnica concluída; ajustes de terminologia aplicados."}}, {"model": "aula.publication", "pk": 62, "fields": {"magazine": 3, "paper": 75, "editor": 41, "date": "2025-12-25", "obs": "Conteúdo revisado com foco em clareza e exemplos práticos."}}, {"model": "aula.publication", "pk": 63, "fields": {"magazine": 11, "paper": 75, "editor": 94, "date": "2025-12-25", "obs": "Matéria aprovada após revisão de estilo e consistência."}}, {"model": "aula.publication", "pk": 64, "fields": {"magazine": 7, "paper": 63, "editor": 56, "date": "2026-08-12", "obs": "Atualizado para refletir versões recentes de bibliotecas e frameworks."}}, {"model": "aula.publication", "pk": 65, "fields": {"magazine": 48, "paper": 26, "editor": 54, "date": "2026-07-25", "obs": "Incluídos links para repositórios e documentação oficial."}}, {"model": "aula.publication", "pk": 66, "fields": {"magazine": 33, "paper": 34, "editor": 91, "date": "2026-11-06", "obs": "Atualizado para refletir versões recentes de bibliotecas e frameworks."}}, {"model": "aula.publication", "pk": 67, "fields": {"magazine": 47, "paper": 69, "editor": 27, "date": "2026-10-22", "obs": "Edição revisada e padronizada conforme guia editorial."}}, {"model": "aula.publication", "pk": 68, "fields": {"magazine": 3, "paper": 71, "editor": 98, "date": "2026-03-19", "obs": "Matéria aprovada após revisão de estilo e consistência."}}, {"model": "aula.publication", "pk": 69, "fields": {"magazine": 60, "paper": 54, "editor": 57, "date": "2026-08-10", "obs": "Edição revisada e padronizada conforme guia editorial."}}, {"model": "aula.publication", "pk": 70, "fields": {"magazine": 62, "paper": 26, "editor": 42, "date": "2026-07-25", "obs": "Conteúdo revisado com foco em clareza e exemplos práticos."}}, {"model": "aula.publication", "pk": 71, "fields": {"magazine": 43, "paper": 24, "editor": 48, "date": "2026-06-19", "obs": "Revisão técnica concluída; ajustes de terminologia aplicados."}}, {"model": "aula.publication", "pk": 72, "fields": {"magazine": 49, "paper": 100, "editor": 63, "date": "2026-01-25", "obs": "Revisão técnica concluída; ajustes de terminologia aplicados."}}, {"model": "aula.publication", "pk": 73, "fields": {"magazine": 3, "paper": 19, "editor": 33, "date": "2026-09-24", "obs": "Revisão técnica concluída; ajustes de terminologia aplicados."}}, {"model": "aula.publication", "pk": 74, "fields": {"magazine": 51, "paper": 65, "editor": 5, "date": "2026-09-13", "obs": "Edição revisada e padronizada conforme guia editorial."}}, {"model": "aula.publication", "pk": 75, "fields": {"magazine": 99, "paper": 19, "editor": 36, "date": "2026-09-24", "obs": "Incluídos links para repositórios e documentação oficial."}}, {"model": "aula.publication", "pk": 76, "fields": {"magazine": 22, "paper": 80, "editor": 43, "date": "2026-05-27", "obs": "Conteúdo revisado com foco em clareza e exemplos práticos."}}, {"model": "aula.publication", "pk": 77, "fields": {"magazine": 10, "paper": 46, "editor": 84, "date": "2026-03-20", "obs": "Atualizado para refletir versões recentes de bibliotecas e frameworks."}}, {"model": "aula.publication", "pk": 78, "fields": {"magazine": 93, "paper": 95, "editor": 66, "date": "2026-06-09", "obs": "Edição revisada e padronizada conforme guia editorial."}}, {"model": "aula.publication", "pk": 79, "fields": {"magazine": 93, "paper": 100, "editor": 35, "date": "2026-01-25", "obs": "Atualizado para refletir versões recentes de bibliotecas e frameworks."}}, {"model": "aula.publication", "pk": 80, "fields": {"magazine": 89, "paper": 31, "editor": 68, "date": "2026-03-13", "obs": "Matéria aprovada após revisão de estilo e consistência."}}, {"model": "aula.publication", "pk": 81, "fields": {"magazine": 83, "paper": 62, "editor": 75, "date": "2026-02-25", "obs": "Revisão técnica concluída; ajustes de terminologia aplicados."}}, {"model": "aula.publication", "pk": 82, "fields": {"magazine": 36, "paper": 52, "editor": 93, "date": "2026-10-10", "obs": "Matéria aprovada após revisão de estilo e consistência."}}, {"model": "aula.publication", "pk": 83, "fields": {"magazine": 26, "paper": 87, "editor": 2, "date": "2026-03-23", "obs": "Matéria aprovada após revisão de estilo e consistência."}}, {"model": "aula.publication", "pk": 84, "fields": {"magazine": 63, "paper": 38, "editor": 37, "date": "2026-09-11", "obs": "Atualizado para refletir versões recentes de bibliotecas e frameworks."}}, {"model": "aula.publication", "pk": 85, "fields": {"magazine": 31, "paper": 100, "editor": 33, "date": "2026-01-25", "obs": "Incluídos links para repositórios e documentação oficial."}}, {"model": "aula.publication", "pk": 86, "fields": {"magazine": 60, "paper": 77, "editor": 90, "date": "2026-03-02", "obs": "Conteúdo revisado com foco em clareza e exemplos práticos."}}, {"model": "aula.publication", "pk": 87, "fields": {"magazine": 70, "paper": 11, "editor": 11, "date": "2026-07-29", "obs": "Incluídos links para repositórios e documentação oficial."}}, {"model": "aula.publication", "pk": 88, "fields": {"magazine": 81, "paper": 51, "editor": 39, "date": "2026-05-19", "obs": "Edição revisada e padronizada conforme guia editorial."}}, {"model": "aula.publication", "pk": 89, "fields": {"magazine": 90, "paper": 87, "editor": 29, "date": "2026-03-23", "obs": "Edição revisada e padronizada conforme guia editorial."}}, {"model": "aula.publication", "pk": 90, "fields": {"magazine": 9, "paper": 85, "editor": 18, "date": "2026-09-09", "obs": "Revisão técnica concluída; ajustes de terminologia aplicados."}}, {"model": "aula.publication", "pk": 91, "fields": {"magazine": 43, "paper": 34, "editor": 46, "date": "2026-11-06", "obs": "Incluídos links para repositórios e documentação oficial."}}, {"model": "aula.publication", "pk": 92, "fields": {"magazine": 27, "paper": 89, "editor": 12, "date": "2026-06-01", "obs": "Edição revisada e padronizada conforme guia editorial."}}, {"model": "aula.publication", "pk": 93, "fields": {"magazine": 94, "paper": 24, "editor": 76, "date": "2026-06-19", "obs": "Atualizado para refletir versões recentes de bibliotecas e frameworks."}}, {"model": "aula.publication", "pk": 94, "fields": {"magazine": 85, "paper": 24, "editor": 32, "date": "2026-06-19", "obs": "Incluídos links para repositórios e documentação oficial."}}, {"model": "aula.publication", "pk": 95, "fields": {"magazine": 48, "paper": 70, "editor": 40, "date": "2026-06-22", "obs": "Matéria aprovada após revisão de estilo e consistência."}}, {"model": "aula.publication", "pk": 96, "fields": {"magazine": 34, "paper": 96, "editor": 27, "date": "2026-08-10", "obs": "Revisão técnica concluída; ajustes de terminologia aplicados."}}, {"model": "aula.publication", "pk": 97, "fields": {"magazine": 79, "paper": 22, "editor": 32, "date": "2026-10-02", "obs": "Incluídos links para repositórios e documentação oficial."}}, {"model": "aula.publication", "pk": 98, "fields": {"magazine": 18, "paper": 30, "editor": 31, "date": "2026-03-28", "obs": "Revisão técnica concluída; ajustes de terminologia aplicados."}}, {"model": "aula.publication", "pk": 99, "fields": {"magazine": 12, "paper": 55, "editor": 4, "date": "2026-06-23", "obs": "Incluídos links para repositórios e documentação oficial."}}, {"model": "aula.publication", "pk": 100, "fields": {"magazine": 15, "paper": 92, "editor": 97, "date": "2025-12-31", "obs": "Conteúdo revisado com foco em clareza e exemplos práticos."}}, {"model": "aula.publication", "pk": 101, "fields": {"magazine": 10, "paper": 62, "editor": 17, "date": "2026-02-25", "obs": "Matéria aprovada após revisão de estilo e consistência."}}, {"model": "aula.publication", "pk": 102, "fields": {"magazine": 14, "paper": 67, "editor": 47, "date": "2026-10-16", "obs": "Revisão técnica concluída; ajustes de terminologia aplicados."}}, {"model": "aula.publication", "pk": 103, "fields": {"magazine": 78, "paper": 59, "editor": 4, "date": "2026-07-20", "obs": "Edição revisada e padronizada conforme guia editorial."}}, {"model": "aula.publication", "pk": 104, "fields": {"magazine": 82, "paper": 13, "editor": 91, "date": "2026-04-25", "obs": "Matéria aprovada após revisão de estilo e consistência."}}, {"model": "aula.publication", "pk": 105, "fields": {"magazine": 29, "paper": 69, "editor": 71, "date": "2026-10-22", "obs": "Incluídos links para repositórios e documentação oficial."}}, {"model": "aula.publication", "pk": 106, "fields": {"magazine": 22, "paper": 63, "editor": 14, "date": "2026-08-12", "obs": "Incluídos links para repositórios e documentação oficial."}}, {"model": "aula.publication", "pk": 107, "fields": {"magazine": 91, "paper": 17, "editor": 67, "date": "2026-04-07", "obs": "Incluídos links para repositórios e documentação oficial."}}, {"model": "aula.publication", "pk": 108, "fields": {"magazine": 60, "paper": 72, "editor": 15, "date": "2026-01-05", "obs": "Conteúdo revisado com foco em clareza e exemplos práticos."}}, {"model": "aula.publication", "pk": 109, "fields": {"magazine": 32, "paper": 33, "editor": 56, "date": "2025-12-26", "obs": "Incluídos links para repositórios e documentação oficial."}}, {"model": "aula.publication", "pk": 110, "fields": {"magazine": 94, "paper": 73, "editor": 21, "date": "2026-09-17", "obs": "Atualizado para refletir versões recentes de bibliotecas e frameworks."}}, {"model": "aula.publication", "pk": 111, "fields": {"magazine": 78, "paper": 44, "editor": 36, "date": "2026-06-10", "obs": "Revisão técnica concluída; ajustes de terminologia aplicados."}}, {"model": "aula.publication", "pk": 112, "fields": {"magazine": 17, "paper": 83, "editor": 12, "date": "2026-08-18", "obs": "Edição revisada e padronizada conforme guia editorial."}}, {"model": "aula.publication", "pk": 113, "fields": {"magazine": 41, "paper": 31, "editor": 41, "date": "2026-03-13", "obs": "Atualizado para refletir versões recentes de bibliotecas e frameworks."}}, {"model": "aula.publication", "pk": 114, "fields": {"magazine": 15, "paper": 96, "editor": 80, "date": "2026-08-10", "obs": "Incluídos links para repositórios e documentação oficial."}}, {"model": "aula.publication", "pk": 115, "fields": {"magazine": 4, "paper": 15, "editor": 97, "date": "2026-07-08", "obs": "Edição revisada e padronizada conforme guia editorial."}}, {"model": "aula.publication", "pk": 116, "fields": {"magazine": 32, "paper": 83, "editor": 59, "date": "2026-08-18", "obs": "Conteúdo revisado com foco em clareza e exemplos práticos."}}, {"model": "aula.publication", "pk": 117, "fields": {"magazine": 95, "paper": 5, "editor": 86, "date": "2026-03-14", "obs": "Atualizado para refletir versões recentes de bibliotecas e frameworks."}}, {"model": "aula.publication", "pk": 118, "fields": {"magazine": 95, "paper": 6, "editor": 30, "date": "2026-05-17", "obs": "Conteúdo revisado com foco em clareza e exemplos práticos."}}, {"model": "aula.publication", "pk": 119, "fields": {"magazine": 81, "paper": 14, "editor": 34, "date": "2026-03-11", "obs": "Edição revisada e padronizada conforme guia editorial."}}, {"model": "aula.publication", "pk": 120, "fields": {"magazine": 82, "paper": 13, "editor": 92, "date": "2026-04-25", "obs": "Conteúdo revisado com foco em clareza e exemplos práticos."}}, {"model": "aula.publication", "pk": 121, "fields": {"magazine": 48, "paper": 45, "editor": 65, "date": "2026-01-13", "obs": "Atualizado para refletir versões recentes de bibliotecas e frameworks."}}, {"model": "aula.publication", "pk": 122, "fields": {"magazine": 25, "paper": 14, "editor": 74, "date": "2026-03-11", "obs": "Revisão técnica concluída; ajustes de terminologia aplicados."}}, {"model": "aula.publication", "pk": 123, "fields": {"magazine": 97, "paper": 11, "editor": 35, "date": "2026-07-29", "obs": "Conteúdo revisado com foco em clareza e exemplos práticos."}}, {"model": "aula.publication", "pk": 124, "fields": {"magazine": 16, "paper": 11, "editor": 16, "date": "2026-07-29", "obs": "Matéria aprovada após revisão de estilo e consistência."}}, {"model": "aula.publication", "pk": 125, "fields": {"magazine": 97, "paper": 85, "editor": 29, "date": "2026-09-09", "obs": "Atualizado para refletir versões recentes de bibliotecas e frameworks."}}, {"model": "aula.publication", "pk": 126, "fields": {"magazine": 8, "paper": 55, "editor": 80, "date": "2026-06-23", "obs": "Edição revisada e padronizada conforme guia editorial."}}, {"model": "aula.publication", "pk": 127, "fields": {"magazine": 96, "paper": 4, "editor": 57, "date": "2026-03-24", "obs": "Conteúdo revisado com foco em clareza e exemplos práticos."}}, {"model": "aula.publication", "pk": 128, "fields": {"magazine": 77, "paper": 66, "editor": 59, "date": "2026-06-01", "obs": "Atualizado para refletir versões recentes de bibliotecas e frameworks."}}, {"model": "aula.publication", "pk": 129, "fields": {"magazine": 23, "paper": 58, "editor": 11, "date": "2026-03-03", "obs": "Revisão técnica concluída; ajustes de terminologia aplicados."}}, {"model": "aula.publication", "pk": 130, "fields": {"magazine": 74, "paper": 18, "editor": 9, "date": "2026-10-27", "obs": "Revisão técnica concluída; ajustes de terminologia aplicados."}}, {"model": "aula.publication", "pk": 131, "fields": {"magazine": 89, "paper": 2, "editor": 30, "date": "2026-09-06", "obs": "Incluídos links para repositórios e documentação oficial."}}, {"model": "aula.publication", "pk": 132, "fields": {"magazine": 5, "paper": 86, "editor": 63, "date": "2026-05-04", "obs": "Atualizado para refletir versões recentes de bibliotecas e frameworks."}}, {"model": "aula.publication", "pk": 133, "fields": {"magazine": 13, "paper": 35, "editor": 44, "date": "2026-11-27", "obs": "Atualizado para refletir versões recentes de bibliotecas e frameworks."}}, {"model": "aula.publication", "pk": 134, "fields": {"magazine": 6, "paper": 56, "editor": 18, "date": "2025-12-19", "obs": "Atualizado para refletir versões recentes de bibliotecas e frameworks."}}, {"model": "aula.publication", "pk": 135, "fields": {"magazine": 93, "paper": 49, "editor": 8, "date": "2026-06-20", "obs": "Matéria aprovada após revisão de estilo e consistência."}}, {"model": "aula.publication", "pk": 136, "fields": {"magazine": 53, "paper": 58, "editor": 75, "date": "2026-03-03", "obs": "Edição revisada e padronizada conforme guia editorial."}}, {"model": "aula.publication", "pk": 137, "fields": {"magazine": 27, "paper": 47, "editor": 81, "date": "2026-11-19", "obs": "Matéria aprovada após revisão de estilo e consistência."}}, {"model": "aula.publication", "pk": 138, "fields": {"magazine": 43, "paper": 93, "editor": 65, "date": "2026-09-16", "obs": "Matéria aprovada após revisão de estilo e consistência."}}, {"model": "aula.publication", "pk": 139, "fields": {"magazine": 54, "paper": 17, "editor": 87, "date": "2026-04-07", "obs": "Atualizado para refletir versões recentes de bibliotecas e frameworks."}}, {"model": "aula.publication", "pk": 140, "fields": {"magazine": 98, "paper": 13, "editor": 81, "date": "2026-04-25", "obs": "Incluídos links para repositórios e documentação oficial."}}, {"model": "aula.publication", "pk": 141, "fields": {"magazine": 9, "paper": 29, "editor": 48, "date": "2026-09-13", "obs": "Edição revisada e padronizada conforme guia editorial."}}, {"model": "aula.publication", "pk": 142, "fields": {"magazine": 44, "paper": 6, "editor": 5, "date": "2026-05-17", "obs": "Conteúdo revisado com foco em clareza e exemplos práticos."}}, {"model": "aula.publication", "pk": 143, "fields": {"magazine": 82, "paper": 83, "editor": 95, "date": "2026-08-18", "obs": "Atualizado para refletir versões recentes de bibliotecas e frameworks."}}, {"model": "aula.publication", "pk": 144, "fields": {"magazine": 40, "paper": 63, "editor": 74, "date": "2026-08-12", "obs": "Incluídos links para repositórios e documentação oficial."}}, {"model": "aula.publication", "pk": 145, "fields": {"magazine": 30, "paper": 56, "editor": 72, "date": "2025-12-19", "obs": "Incluídos links para repositórios e documentação oficial."}}, {"model": "aula.publication", "pk": 146, "fields": {"magazine": 37, "paper": 49, "editor": 10, "date": "2026-06-20", "obs": "Matéria aprovada após revisão de estilo e consistência."}}, {"model": "aula.publication", "pk": 147, "fields": {"magazine": 38, "paper": 50, "editor": 26, "date": "2026-02-05", "obs": "Matéria aprovada após revisão de estilo e consistência."}}, {"model": "aula.publication", "pk": 148, "fields": {"magazine": 65, "paper": 10, "editor": 67, "date": "2025-12-17", "obs": "Revisão técnica concluída; ajustes de terminologia aplicados."}}, {"model": "aula.publication", "pk": 149, "fields": {"magazine": 90, "paper": 89, "editor": 78, "date": "2026-06-01", "obs": "Revisão técnica concluída; ajustes de terminologia aplicados."}}, {"model": "aula.publication", "pk": 150, "fields": {"magazine": 41, "paper": 35, "editor": 31, "date": "2026-11-27", "obs": "Atualizado para refletir versões recentes de bibliotecas e frameworks."}}, {"model": "aula.publication", "pk": 151, "fields": {"magazine": 21, "paper": 29, "editor": 77, "date": "2026-09-13", "obs": "Edição revisada e padronizada conforme guia editorial."}}, {"model": "aula.publication", "pk": 152, "fields": {"magazine": 3, "paper": 14, "editor": 57, "date": "2026-03-11", "obs": "Revisão técnica concluída; ajustes de terminologia aplicados."}}, {"model": "aula.publication", "pk": 153, "fields": {"magazine": 84, "paper": 9, "editor": 65, "date": "2026-10-08", "obs": "Atualizado para refletir versões recentes de bibliotecas e frameworks."}}, {"model": "aula.publication", "pk": 154, "fields": {"magazine": 61, "paper": 56, "editor": 94, "date": "2025-12-19", "obs": "Edição revisada e padronizada conforme guia editorial."}}, {"model": "aula.publication", "pk": 155, "fields": {"magazine": 27, "paper": 78, "editor": 52, "date": "2026-12-14", "obs": "Matéria aprovada após revisão de estilo e consistência."}}, {"model": "aula.publication", "pk": 156, "fields": {"magazine": 64, "paper": 14, "editor": 9, "date": "2026-03-11", "obs": "Matéria aprovada após revisão de estilo e consistência."}}, {"model": "aula.publication", "pk": 157, "fields": {"magazine": 75, "paper": 30, "editor": 40, "date": "2026-03-28", "obs": "Atualizado para refletir versões recentes de bibliotecas e frameworks."}}, {"model": "aula.publication", "pk": 158, "fields": {"magazine": 3, "paper": 59, "editor": 72, "date": "2026-07-20", "obs": "Conteúdo revisado com foco em clareza e exemplos práticos."}}, {"model": "aula.publication", "pk": 159, "fields": {"magazine": 22, "paper": 12, "editor": 86, "date": "2026-06-02", "obs": "Edição revisada e padronizada conforme guia editorial."}}, {"model": "aula.publication", "pk": 160, "fields": {"magazine": 5, "paper": 59, "editor": 57, "date": "2026-07-20", "obs": "Matéria aprovada após revisão de estilo e consistência."}}, {"model": "aula.publication", "pk": 161, "fields": {"magazine": 88, "paper": 34, "editor": 23, "date": "2026-11-06", "obs": "Edição revisada e padronizada conforme guia editorial."}}, {"model": "aula.publication", "pk": 162, "fields": {"magazine": 76, "paper": 36, "editor": 15, "date": "2026-12-10", "obs": "Matéria aprovada após revisão de estilo e consistência."}}, {"model": "aula.publication", "pk": 163, "fields": {"magazine": 64, "paper": 53, "editor": 87, "date": "2026-05-27", "obs": "Atualizado para refletir versões recentes de bibliotecas e frameworks."}}, {"model": "aula.publication", "pk": 164, "fields": {"magazine": 74, "paper": 35, "editor": 75, "date": "2026-11-27", "obs": "Atualizado para refletir versões recentes de bibliotecas e frameworks."}}, {"model": "aula.publication", "pk": 165, "fields": {"magazine": 83, "paper": 87, "editor": 5, "date": "2026-03-23", "obs": "Incluídos links para repositórios e documentação oficial."}}, {"model": "aula.publication", "pk": 166, "fields": {"magazine": 66, "paper": 10, "editor": 2, "date": "2025-12-17", "obs": "Incluídos links para repositórios e documentação oficial."}}, {"model": "aula.publication", "pk": 167, "fields": {"magazine": 77, "paper": 82, "editor": 99, "date": "2026-06-11", "obs": "Matéria aprovada após revisão de estilo e consistência."}}, {"model": "aula.publication", "pk": 168, "fields": {"magazine": 93, "paper": 85, "editor": 32, "date": "2026-09-09", "obs": "Atualizado para refletir versões recentes de bibliotecas e frameworks."}}, {"model": "aula.publication", "pk": 169, "fields": {"magazine": 24, "paper": 38, "editor": 44, "date": "2026-09-11", "obs": "Conteúdo revisado com foco em clareza e exemplos práticos."}}, {"model": "aula.publication", "pk": 170, "fields": {"magazine": 96, "paper": 15, "editor": 31, "date": "2026-07-08", "obs": "Incluídos links para repositórios e documentação oficial."}}, {"model": "aula.publication", "pk": 171, "fields": {"magazine": 92, "paper": 91, "editor": 32, "date": "2026-08-16", "obs": "Atualizado para refletir versões recentes de bibliotecas e frameworks."}}, {"model": "aula.publication", "pk": 172, "fields": {"magazine": 78, "paper": 42, "editor": 30, "date": "2026-12-14", "obs": "Edição revisada e padronizada conforme guia editorial."}}, {"model": "aula.publication", "pk": 173, "fields": {"magazine": 5, "paper": 56, "editor": 81, "date": "2025-12-19", "obs": "Incluídos links para repositórios e documentação oficial."}}, {"model": "aula.publication", "pk": 174, "fields": {"magazine": 70, "paper": 36, "editor": 59, "date": "2026-12-10", "obs": "Atualizado para refletir versões recentes de bibliotecas e frameworks."}}, {"model": "aula.publication", "pk": 175, "fields": {"magazine": 83, "paper": 18, "editor": 12, "date": "2026-10-27", "obs": "Conteúdo revisado com foco em clareza e exemplos práticos."}}, {"model": "aula.publication", "pk": 176, "fields": {"magazine": 11, "paper": 99, "editor": 44, "date": "2026-05-20", "obs": "Edição revisada e padronizada conforme guia editorial."}}, {"model": "aula.publication", "pk": 177, "fields": {"magazine": 27, "paper": 85, "editor": 86, "date": "2026-09-09", "obs": "Atualizado para refletir versões recentes de bibliotecas e frameworks."}}, {"model": "aula.publication", "pk": 178, "fields": {"magazine": 72, "paper": 37, "editor": 97, "date": "2026-03-27", "obs": "Revisão técnica concluída; ajustes de terminologia aplicados."}}, {"model": "aula.publication", "pk": 179, "fields": {"magazine": 40, "paper": 83, "editor": 93, "date": "2026-08-18", "obs": "Atualizado para refletir versões recentes de bibliotecas e frameworks."}}, {"model": "aula.publication", "pk": 180, "fields": {"magazine": 21, "paper": 78, "editor": 45, "date": "2026-12-14", "obs": "Conteúdo revisado com foco em clareza e exemplos práticos."}}, {"model": "aula.publication", "pk": 181, "fields": {"magazine": 94, "paper": 7, "editor": 43, "date": "2026-01-02", "obs": "Revisão técnica concluída; ajustes de terminologia aplicados."}}, {"model": "aula.publication", "pk": 182, "fields": {"magazine": 6, "paper": 94, "editor": 43, "date": "2026-10-28", "obs": "Conteúdo revisado com foco em clareza e exemplos práticos."}}, {"model": "aula.publication", "pk": 183, "fields": {"magazine": 95, "paper": 42, "editor": 100, "date": "2026-12-14", "obs": "Atualizado para refletir versões recentes de bibliotecas e frameworks."}}, {"model": "aula.publication", "pk": 184, "fields": {"magazine": 52, "paper": 94, "editor": 74, "date": "2026-10-28", "obs": "Edição revisada e padronizada conforme guia editorial."}}, {"model": "aula.publication", "pk": 185, "fields": {"magazine": 25, "paper": 61, "editor": 62, "date": "2026-07-19", "obs": "Incluídos links para repositórios e documentação oficial."}}, {"model": "aula.publication", "pk": 186, "fields": {"magazine": 28, "paper": 82, "editor": 35, "date": "2026-06-11", "obs": "Incluídos links para repositórios e documentação oficial."}}, {"model": "aula.publication", "pk": 187, "fields": {"magazine": 91, "paper": 12, "editor": 90, "date": "2026-06-02", "obs": "Conteúdo revisado com foco em clareza e exemplos práticos."}}, {"model": "aula.publication", "pk": 188, "fields": {"magazine": 7, "paper": 67, "editor": 42, "date": "2026-10-16", "obs": "Matéria aprovada após revisão de estilo e consistência."}}, {"model": "aula.publication", "pk": 189, "fields": {"magazine": 40, "paper": 38, "editor": 65, "date": "2026-09-11", "obs": "Incluídos links para repositórios e documentação oficial."}}, {"model": "aula.publication", "pk": 190, "fields": {"magazine": 19, "paper": 26, "editor": 44, "date": "2026-07-25", "obs": "Conteúdo revisado com foco em clareza e exemplos práticos."}}, {"model": "aula.publication", "pk": 191, "fields": {"magazine": 1, "paper": 60, "editor": 28, "date": "2026-10-21", "obs": "Atualizado para refletir versões recentes de bibliotecas e frameworks."}}, {"model": "aula.publication", "pk": 192, "fields": {"magazine": 73, "paper": 18, "editor": 86, "date": "2026-10-27", "obs": "Edição revisada e padronizada conforme guia editorial."}}, {"model": "aula.publication", "pk": 193, "fields": {"magazine": 32, "paper": 61, "editor": 78, "date": "2026-07-19", "obs": "Revisão técnica concluída; ajustes de terminologia aplicados."}}, {"model": "aula.publication", "pk": 194, "fields": {"magazine": 62, "paper": 72, "editor": 10, "date": "2026-01-05", "obs": "Conteúdo revisado com foco em clareza e exemplos práticos."}}, {"model": "aula.publication", "pk": 195, "fields": {"magazine": 10, "paper": 89, "editor": 94, "date": "2026-06-01", "obs": "Matéria aprovada após revisão de estilo e consistência."}}, {"model": "aula.publication", "pk": 196, "fields": {"magazine": 77, "paper": 40, "editor": 34, "date": "2026-04-22", "obs": "Matéria aprovada após revisão de estilo e consistência."}}, {"model": "aula.publication", "pk": 197, "fields": {"magazine": 30, "paper": 96, "editor": 28, "date": "2026-08-10", "obs": "Edição revisada e padronizada conforme guia editorial."}}, {"model": "aula.publication", "pk": 198, "fields": {"magazine": 46, "paper": 100, "editor": 3, "date": "2026-01-25", "obs": "Incluídos links para repositórios e documentação oficial."}}, {"model": "aula.publication", "pk": 199, "fields": {"magazine": 79, "paper": 39, "editor": 55, "date": "2026-03-06", "obs": "Edição revisada e padronizada conforme guia editorial."}}, {"model": "aula.publication", "pk": 200, "fields": {"magazine": 9, "paper": 33, "editor": 5, "date": "2025-12-26", "obs": "Matéria aprovada após revisão de estilo e consistência."}}]